
-- endereco
INSERT INTO adm_condominio.Endereco (id_endereco,estado,cidade,logradouro,numero,cep) VALUES (1,'Pará','Santarém','8995 Tellus Street',2945,17953552),(2,'Minas Gerais','Uberaba','997-4229 Non Avenue',11831,10506822),(3,'Minas Gerais','Contagem','139-454 Eu, Ave',11350,74268026),(4,'Pernambuco','Jaboatão dos Guararapes','5320 In St.',6124,53111915),(5,'Minas Gerais','Betim','Ap #873-4938 Elit, St.',4021,23868869),(6,'Rio de Janeiro','São Gonçalo','8768 Tincidunt, Avenue',11528,94822836),(7,'São Paulo','Piracicaba','Ap #256-4320 Nulla Avenue',3922,81303296),(8,'Rio de Janeiro','Petrópolis','6482 Justo Ave',3640,46521688),(9,'Paraná','Cascavel','1203 Vel, St.',1106,43722859),(10,'Pernambuco','Olinda','P.O. Box 690, 9708 Iaculis Av.',15354,55304593);
INSERT INTO adm_condominio.Endereco (id_endereco,estado,cidade,logradouro,numero,cep) VALUES (11,'Rio de Janeiro','Belford Roxo','Ap #259-8644 Ac Road',10134,59047084),(12,'São Paulo','Jundiaí','610-108 Diam. Avenue',565,96523931),(13,'São Paulo','Osasco','P.O. Box 175, 7581 Non Rd.',11084,26504560),(14,'Ceará','Maracanaú','P.O. Box 101, 1340 Nunc Rd.',4929,9556183),(15,'Pernambuco','Paulista','P.O. Box 542, 9468 Nunc Ave',15677,17479641),(16,'Pará','Santarém','P.O. Box 325, 9913 Duis St.',12568,29408094),(17,'Bahia','Lauro de Freitas','P.O. Box 483, 815 Auctor, Av.',3031,89037917),(18,'Maranhão','Açailândia','9750 Suspendisse Rd.',9138,11573043),(19,'Ceará','Sobral','Ap #847-9424 Augue Rd.',1684,61292469),(20,'Paraná','Foz do Iguaçu','479-9247 Eget, Road',8087,19955876);
INSERT INTO adm_condominio.Endereco (id_endereco,estado,cidade,logradouro,numero,cep) VALUES (21,'São Paulo','Jundiaí','Ap #692-8074 Non Rd.',3889,19444838),(22,'Santa Catarina','Joinville','1625 Lectus Avenue',1169,89583505),(23,'São Paulo','Mogi das Cruzes','804-9380 Volutpat. Ave',789,49958730),(24,'Goiás','Valparaíso de Goiás','Ap #666-2083 Mi Avenue',8261,9579465),(25,'Minas Gerais','Juiz de Fora','129-4718 Lacinia. Ave',10194,1089000),(26,'Maranhão','Balsas','P.O. Box 325, 6584 Facilisi. Ave',4577,1041432),(27,'São Paulo','Osasco','2614 Blandit. St.',6087,3962129),(28,'Rio Grande do Sul','Caxias do Sul','904-3200 Donec St.',4518,93805871),(29,'São Paulo','Piracicaba','P.O. Box 229, 7319 Nam Rd.',12489,42960934),(30,'Ceará','Caucaia','536-9836 Augue Rd.',2432,81859573);
INSERT INTO adm_condominio.Endereco (id_endereco,estado,cidade,logradouro,numero,cep) VALUES (31,'Ceará','Sobral','1046 Arcu. Street',6640,23304169),(32,'Bahia','Lauro de Freitas','2895 Quisque Ave',3778,48025060),(33,'Goiás','Luziânia','Ap #640-3040 Curabitur St.',10493,21133244),(34,'Maranhão','Barra do Corda','P.O. Box 790, 7545 Ante Ave',12285,82683180),(35,'São Paulo','Diadema','Ap #611-2329 Nisl Street',5117,35487536),(36,'Minas Gerais','Santa Luzia','845-4310 Non St.',11973,58565862),(37,'Goiás','Rio Verde','Ap #222-5276 Donec Ave',11671,39287290),(38,'Paraná','Guarapuava','3810 Malesuada. St.',13759,96883571),(39,'São Paulo','Guarulhos','P.O. Box 409, 8401 Facilisis St.',677,52081939),(40,'São Paulo','Piracicaba','P.O. Box 714, 3665 Primis St.',6663,71035014);
INSERT INTO adm_condominio.Endereco (id_endereco,estado,cidade,logradouro,numero,cep) VALUES (41,'Minas Gerais','Montes Claros','Ap #376-5324 Magnis Av.',13247,29417408),(42,'São Paulo','Mauá','488-770 Convallis Rd.',5684,49654312),(43,'São Paulo','Guarulhos','P.O. Box 280, 263 Donec St.',6839,6271163),(44,'Bahia','Itabuna','1234 Id, Rd.',7271,97592826),(45,'Pará','Belém','P.O. Box 187, 8388 Vivamus Rd.',2397,72250988),(46,'Paraná','São José dos Pinhais','Ap #537-683 Proin Rd.',11594,17933964),(47,'Bahia','Camaçari','685-2610 Euismod Ave',9048,81308529),(48,'Ceará','Crato','9543 Vehicula Rd.',14621,60139026),(49,'Paraíba','Bayeux','3185 Integer Road',15269,36977566),(50,'Paraná','Cascavel','Ap #724-4840 Est, St.',12589,67208485);
INSERT INTO adm_condominio.Endereco (id_endereco,estado,cidade,logradouro,numero,cep) VALUES (51,'Paraná','Guarapuava','Ap #977-5425 Vel, Avenue',14504,85742708),(52,'São Paulo','Diadema','5187 Nunc Road',13892,42861487),(53,'São Paulo','Mogi das Cruzes','Ap #279-2052 Neque. Road',5900,53126308),(54,'Pernambuco','Camaragibe','131-4440 Turpis Ave',12951,98730071),(55,'Goiás','Águas Lindas de Goiás','P.O. Box 803, 2960 Id, St.',1204,65928641),(56,'Pernambuco','Jaboatão dos Guararapes','P.O. Box 261, 3333 Magna. Avenue',11712,37958892),(57,'Bahia','Salvador','Ap #664-6140 Donec Street',10534,28636425),(58,'Minas Gerais','Contagem','Ap #736-5867 Felis. Avenue',2697,1273466),(59,'São Paulo','Mauá','Ap #936-2121 Nibh. Road',1026,80874464),(60,'São Paulo','Piracicaba','P.O. Box 365, 4518 Nonummy Av.',2234,55829419);
INSERT INTO adm_condominio.Endereco (id_endereco,estado,cidade,logradouro,numero,cep) VALUES (61,'São Paulo','Ribeirão Preto','Ap #846-759 Sed Rd.',14312,19029235),(62,'São Paulo','Ribeirão Preto','Ap #494-5603 Pharetra, Avenue',6124,39042292),(63,'Pernambuco','Olinda','Ap #593-1905 Enim, Ave',9937,65471639),(64,'Rio de Janeiro','Rio de Janeiro','373-5114 Aenean Avenue',893,94200772),(65,'São Paulo','Mauá','4038 Aliquet Av.',3092,45213882),(66,'Rio Grande do Sul','Caxias do Sul','898-2441 Sit Av.',6210,48330473),(67,'Rio de Janeiro','Rio de Janeiro','2647 Duis Ave',15662,78229129),(68,'São Paulo','Campinas','Ap #998-6843 Integer Ave',13718,15706262),(69,'Bahia','Juazeiro','399-9406 Et Rd.',7267,878828),(70,'Paraná','Colombo','829-6057 Nam Street',1237,95723764);
INSERT INTO adm_condominio.Endereco (id_endereco,estado,cidade,logradouro,numero,cep) VALUES (71,'São Paulo','Osasco','5050 Senectus Rd.',2196,33926525),(72,'São Paulo','Guarulhos','P.O. Box 246, 534 Quisque Avenue',12239,78260754),(73,'Minas Gerais','Contagem','Ap #175-3902 Facilisis Street',4126,78412002),(74,'São Paulo','Mauá','5380 Magna. St.',15445,48494142),(75,'São Paulo','Mauá','Ap #558-6977 Enim Av.',7750,10089797),(76,'Rio Grande do Sul','Rio Grande','P.O. Box 948, 3364 Dui, Street',12141,38308152),(77,'Rio de Janeiro','São Gonçalo','Ap #120-4038 Arcu. Road',3690,4657159),(78,'Rio de Janeiro','Belford Roxo','P.O. Box 521, 9701 Nulla Avenue',9250,60278001),(79,'Santa Catarina','Itajaí','P.O. Box 944, 2378 Eu St.',5112,67174064),(80,'Paraná','Londrina','Ap #126-1485 Aenean Avenue',11278,80559074);
INSERT INTO adm_condominio.Endereco (id_endereco,estado,cidade,logradouro,numero,cep) VALUES (81,'São Paulo','Osasco','Ap #618-5971 Nec Ave',14057,10131318),(82,'Rio Grande do Sul','Canoas','P.O. Box 481, 8593 Nec Avenue',663,28286903),(83,'Ceará','Crato','3736 Curabitur Av.',5988,91204291),(84,'Minas Gerais','Uberaba','7631 Purus St.',12750,61841408),(85,'São Paulo','Mogi das Cruzes','304-6401 Aliquet, Rd.',10977,1539898),(86,'Paraná','Londrina','875-7255 Quam Rd.',11926,66753426),(87,'Bahia','Juazeiro','P.O. Box 723, 3550 Donec Street',1958,84945991),(88,'Goiás','Rio Verde','P.O. Box 253, 663 Nunc St.',10462,91642691),(89,'São Paulo','Jundiaí','215-3499 Velit Rd.',12653,22646052),(90,'Rio Grande do Sul','Porto Alegre','Ap #920-5934 Ac Av.',4548,26393323);
INSERT INTO adm_condominio.Endereco (id_endereco,estado,cidade,logradouro,numero,cep) VALUES (91,'Rio de Janeiro','Nova Iguaçu','Ap #280-6183 Blandit Rd.',3143,182990),(92,'Rio de Janeiro','Rio de Janeiro','2796 Aliquet, Ave',6555,71980685),(93,'Minas Gerais','Betim','345-3622 Neque St.',4542,78419681),(94,'São Paulo','Ribeirão Preto','P.O. Box 275, 8299 Sit Street',5372,5538396),(95,'São Paulo','Ribeirão Preto','P.O. Box 286, 7624 Vestibulum Rd.',15661,88171313),(96,'São Paulo','Jundiaí','P.O. Box 512, 4949 Integer Road',2714,58953939),(97,'Paraná','Colombo','955-8570 Nulla Av.',11895,77906070),(98,'São Paulo','Piracicaba','6875 Pede, Rd.',1826,1900145),(99,'Santa Catarina','Joinville','P.O. Box 467, 3779 Dolor Av.',11474,48404438),(100,'Ceará','Caucaia','P.O. Box 911, 4663 Proin Rd.',4704,93342836);

-- administradora
--1 a 10 enderecos
INSERT INTO adm_condominio.Administradora (id_administradora,cnpj,nome_administradora,fk_id_endereco_matriz) VALUES (1,'20667084399610','Non Limited',11),(2,'74952442320063','Eros Limited',12),(3,'52115240031853','Egestas A PC',13),(4,'17635654243640','Lectus Ante Ltd',14),(5,'12921866024844','Amet Ante Vivamus Associates',15);
INSERT INTO adm_condominio.Administradora (id_administradora,cnpj,nome_administradora,fk_id_endereco_matriz) VALUES (6,'84838220942765','Diam Foundation',16),(7,'22368038301356','Fringilla Donec Feugiat Foundation',17),(8,'28494632132351','Pede Sagittis Augue Consulting',18),(9,'41893396712839','Et LLP',19),(10,'48129985127598','Eros Nam Limited',20);

--Filial
--11 a 30 enderecos
INSERT INTO adm_condominio.Filial (nome_filial,estado,fk_id_endereco,fk_id_administradora,id_filial) VALUES ('accumsan','MG',11,3,1),('Proin','PR',12,6,2),('tellus. Suspendisse sed','SP',13,7,3),('elit erat vitae','SP',14,10,4),('nec tellus. Nunc','SP',15,6,5),('ac sem','RS',16,8,6),('euismod urna. Nullam','RJ',17,5,7),('eleifend egestas.','MA',18,5,8),('blandit enim consequat','SP',19,1,9),('sed','MA',20,9,10);
INSERT INTO adm_condominio.Filial (nome_filial,estado,fk_id_endereco,fk_id_administradora,id_filial) VALUES ('arcu.','BA',21,8,11),('magna,','PB',22,10,12),('vitae','SP',23,5,13),('ligula.','CE',24,1,14),('Maecenas iaculis','GO',25,6,15),('Fusce','PA',26,2,16),('dui','PA',27,3,17),('auctor odio','RJ',28,8,18),('at risus.','SC',29,1,19),('pede. Nunc','CE',30,5,20);

--Condominio
--31 a 100 endereco
INSERT INTO adm_condominio.Condominio (tipo_condominio,fk_id_endereco,id_condominio) VALUES ('e',31,1),('e',32,2),('a',33,3),('e',34,4),('e',35,5),('e',36,6),('a',37,7),('a',38,8),('a',39,9),('a',40,10);
INSERT INTO adm_condominio.Condominio (tipo_condominio,fk_id_endereco,id_condominio) VALUES ('a',41,11),('e',42,12),('a',43,13),('e',44,14),('e',45,15),('a',46,16),('a',47,17),('e',48,18),('e',49,19),('a',50,20);
INSERT INTO adm_condominio.Condominio (tipo_condominio,fk_id_endereco,id_condominio) VALUES ('a',51,21),('a',52,22),('a',53,23),('e',54,24),('e',55,25),('e',56,26),('a',57,27),('e',58,28),('e',59,29),('a',60,30);
INSERT INTO adm_condominio.Condominio (tipo_condominio,fk_id_endereco,id_condominio) VALUES ('e',61,31),('e',62,32),('e',63,33),('a',64,34),('a',65,35),('a',66,36),('a',67,37),('a',68,38),('a',69,39),('e',70,40);
INSERT INTO adm_condominio.Condominio (tipo_condominio,fk_id_endereco,id_condominio) VALUES ('e',71,41),('a',72,42),('e',73,43),('e',74,44),('a',75,45),('e',76,46),('e',77,47),('a',78,48),('e',79,49),('e',80,50);
INSERT INTO adm_condominio.Condominio (tipo_condominio,fk_id_endereco,id_condominio) VALUES ('e',81,51),('a',82,52),('e',83,53),('a',84,54),('e',85,55),('e',86,56),('a',87,57),('e',88,58),('a',89,59),('e',90,60);
INSERT INTO adm_condominio.Condominio (tipo_condominio,fk_id_endereco,id_condominio) VALUES ('a',91,61),('e',92,62),('a',93,63),('e',94,64),('e',95,65),('a',96,66),('a',97,67),('a',98,68),('e',99,69),('e',100,70);


-- pessoa

INSERT INTO adm_condominio.Pessoa (id_pessoa,cpf,nome,data_nascimento,sexo) VALUES (1,'29087227196','Stewart Hodge','03/01/76','m'),(2,'56930773365','Kaseem Holt','10/03/94','m'),(3,'46431104699','Randall Wall','20/07/80','m'),(4,'84858575304','Derek Dudley','27/01/69','m'),(5,'90962068401','Keefe Owens','03/02/66','f'),(6,'85895307762','Vincent Johnson','12/12/79','m'),(7,'98588357921','Rahim Mcfarland','02/09/52','m'),(8,'96741457232','Gary Mercado','09/12/00','f'),(9,'82080086469','Perry Mccarthy','24/04/56','m'),(10,'41839544577','Kasimir Kirkland','16/09/84','m');
INSERT INTO adm_condominio.Pessoa (id_pessoa,cpf,nome,data_nascimento,sexo) VALUES (11,'67936137001','Damian Horn','02/05/00','m'),(12,'55784322340','Randall Good','24/01/67','f'),(13,'24006703682','Arthur Hull','30/09/82','m'),(14,'88701722500','Ian Stuart','27/07/67','m'),(15,'64208881435','Rogan Silva','20/04/50','f'),(16,'73644009758','Lucius Deleon','16/07/67','f'),(17,'78947150041','Ivor Hickman','05/12/66','m'),(18,'71225721603','Kennedy Mayo','16/10/77','m'),(19,'48903635963','Colorado Wood','17/07/50','f'),(20,'73121339003','Cooper Ortega','29/04/79','f');
INSERT INTO adm_condominio.Pessoa (id_pessoa,cpf,nome,data_nascimento,sexo) VALUES (21,'41827238309','Yardley Hines','18/01/74','f'),(22,'12566026700','Nolan Glenn','09/10/58','m'),(23,'61831399234','Wang Dixon','20/03/93','m'),(24,'65683405222','Wesley Pate','27/09/98','f'),(25,'45105040259','Driscoll Barr','28/09/58','f'),(26,'74355973978','Phillip Mckinney','10/09/52','m'),(27,'55392611026','Rafael Harrison','20/08/85','m'),(28,'32609930420','Graham Weaver','03/08/59','m'),(29,'38537330711','Thor Kline','25/02/60','f'),(30,'63189034699','Forrest Gentry','24/05/87','f');
INSERT INTO adm_condominio.Pessoa (id_pessoa,cpf,nome,data_nascimento,sexo) VALUES (31,'52937796129','Travis Hays','10/08/91','f'),(32,'58061841335','Brandon Gates','12/11/75','f'),(33,'69470954583','Rigel Hurley','04/12/98','m'),(34,'89905475024','Neville Hardy','13/09/51','f'),(35,'88180447123','Timothy Adams','15/12/70','m'),(36,'15393632524','Hedley Montoya','25/01/52','f'),(37,'98220248748','Edan Washington','24/05/54','f'),(38,'86495664720','Logan Thomas','29/03/59','m'),(39,'53792685000','Acton Nixon','07/09/97','m'),(40,'84982853448','Kelly Medina','16/07/92','f');
INSERT INTO adm_condominio.Pessoa (id_pessoa,cpf,nome,data_nascimento,sexo) VALUES (41,'16202687891','Lane Haney','11/09/95','m'),(42,'93041499094','Chaney Brown','03/12/58','f'),(43,'84058057074','Neville Roman','19/01/97','f'),(44,'92505820589','Abbot Russo','03/03/80','f'),(45,'52327512190','Jarrod Oneal','15/02/93','f'),(46,'98688992140','Fritz Bond','16/12/89','m'),(47,'88581598596','Samuel Vaughn','27/02/86','m'),(48,'42876141206','Rogan Case','26/10/56','f'),(49,'73443078063','Lance Coffey','02/02/95','m'),(50,'82889243592','Benjamin Sweeney','28/06/74','f');
INSERT INTO adm_condominio.Pessoa (id_pessoa,cpf,nome,data_nascimento,sexo) VALUES (51,'54854936958','James Chang','04/09/74','m'),(52,'38498697346','Kibo Mccall','15/06/58','m'),(53,'48679655208','Garrett French','24/12/60','f'),(54,'81594723104','Grant Bray','12/02/52','f'),(55,'58537647277','Alfonso Mercado','08/09/62','f'),(56,'70685436152','Leonard Mosley','28/06/68','m'),(57,'38507823059','Quinlan Bradshaw','05/09/60','f'),(58,'21389861777','Elton Calderon','04/02/60','m'),(59,'98068475071','Levi Clay','30/10/51','m'),(60,'61355735785','Lucas Saunders','05/02/74','m');
INSERT INTO adm_condominio.Pessoa (id_pessoa,cpf,nome,data_nascimento,sexo) VALUES (61,'51384576205','Ryder Bright','17/07/71','f'),(62,'10977294789','Rudyard Cain','28/08/89','m'),(63,'29691415438','Bert Fleming','25/03/95','m'),(64,'84523060210','Quinlan Peck','07/02/74','m'),(65,'30674036005','Xenos Stuart','13/05/57','m'),(66,'16429985533','Noah Gross','03/12/61','f'),(67,'34591280105','Yardley Ortega','10/03/74','m'),(68,'22275423342','Oliver Rowland','12/05/82','m'),(69,'61603432842','Armand Barnett','19/09/95','f'),(70,'86477095326','Jonah Clemons','11/12/64','m');
INSERT INTO adm_condominio.Pessoa (id_pessoa,cpf,nome,data_nascimento,sexo) VALUES (71,'29514682590','Clarke King','31/03/69','m'),(72,'52151376511','Clayton Love','23/03/99','m'),(73,'41789745469','Kadeem Ayers','02/11/87','m'),(74,'52111090025','Jasper Ware','20/06/69','m'),(75,'76610718672','Kasper Whitaker','27/08/98','m'),(76,'32610079743','Victor Burgess','23/01/50','m'),(77,'48598741218','Wyatt Gay','18/09/55','m'),(78,'98791115866','Jasper Church','31/08/80','f'),(79,'70687418053','Barrett Neal','02/12/83','f'),(80,'17325805583','Merritt Acevedo','09/11/93','m');
INSERT INTO adm_condominio.Pessoa (id_pessoa,cpf,nome,data_nascimento,sexo) VALUES (81,'54394409591','Nash Benjamin','18/04/81','m'),(82,'77829105621','Branden Olson','02/02/69','m'),(83,'61270415596','Geoffrey Baker','10/06/86','f'),(84,'33752663568','Caesar Calhoun','09/02/99','m'),(85,'80343655492','Uriah Hunt','03/10/98','f'),(86,'30016263178','Lester Tyler','02/07/50','f'),(87,'16530864420','Bernard Holt','15/01/63','f'),(88,'26166516155','Ivor Walter','02/05/74','f'),(89,'25623320131','Kieran Vinson','09/02/58','m'),(90,'59299451969','Cedric Koch','07/12/72','f');
INSERT INTO adm_condominio.Pessoa (id_pessoa,cpf,nome,data_nascimento,sexo) VALUES (91,'57140000169','Jameson Floyd','15/04/66','m'),(92,'21882756534','Abbot Lindsey','26/07/52','f'),(93,'37162288716','Armando Keller','24/05/99','m'),(94,'84027041937','Rogan Bright','27/11/93','m'),(95,'44214986707','Emerson Kinney','02/02/69','f'),(96,'15037412703','Herman Henry','08/05/91','m'),(97,'77069498663','Allen Velasquez','12/10/00','m'),(98,'40156712057','Connor Sears','26/11/72','m'),(99,'72747950321','Samuel Ford','31/01/52','f'),(100,'59712499752','Deacon Rivers','02/07/85','f');

--Veiculo
INSERT INTO adm_condominio_Veiculo (placa,cidade,estado,marca,modelo,cor,id_veiculo) VALUES ('XSP8204','Parauapebas','PA','Kia Motors','five','blue',1),('QLQ2067','Niterói','RJ','Cadillac','six','red',2),('QXY1926','Jundiaí','SP','FAW','eight','silver',3),('LJX0088','Chapecó','SC','Suzuki','five','black',4),('XIS4997','São José','SC','Kenworth','four','black',5),('YYB5883','Jaboatão dos Guararapes','PE','Acura','six','black',6),('WJL2871','Abaetetuba','PA','Ferrari','two','silver',7),('LNB4619','Duque de Caxias','RJ','Audi','eight','black',8),('OES7902','Carapicuíba','SP','Dongfeng Motor','four','red',9),('QDO0708','Carapicuíba','SP','Audi','nine','red',10);
INSERT INTO adm_condominio.Veiculo (placa,cidade,estado,marca,modelo,cor,id_veiculo) VALUES ('JAJ1019','Governador Valadares','MG','Peugeot','ten','silver',11),('OAG7658','Ribeirão Preto','SP','Audi','one','blue',12),('CRD7305','Mauá','SP','Lincoln','ten','silver',13),('TBW6264','Mauá','SP','Lincoln','eight','blue',14),('RHF2691','Ribeirão Preto','SP','Renault','one','black',15),('ZSR1775','Carapicuíba','SP','Ford','four','silver',16),('NDY9434','Uberlândia','MG','Acura','seven','silver',17),('HDO2111','Santa Luzia','MG','Chrysler','ten','white',18),('JTW8056','Florianópolis','SC','Isuzu','five','black',19),('GQY1032','Paço do Lumiar','MA','Daimler','four','red',20);
INSERT INTO adm_condominio.Veiculo (placa,cidade,estado,marca,modelo,cor,id_veiculo) VALUES ('YIJ8335','Blumenau','SC','General Motors','nine','blue',21),('BEO4482','Petrolina','PE','Jeep','one','silver',22),('IKL3299','Castanhal','PA','Mitsubishi Motors','ten','red',23),('RZK6488','Juazeiro','BA','Jeep','seven','white',24),('JAM5451','Paço do Lumiar','MA','Volvo','nine','red',25),('FQP1783','Feira de Santana','BA','Mazda','five','black',26),('IRS4074','Lauro de Freitas','BA','Smart','eight','silver',27),('AMZ7211','Fortaleza','CE','Vauxhall','ten','blue',28),('OCG3709','Imperatriz','MA','Dacia','six','red',29),('NIQ5958','Guarulhos','SP','Jeep','two','black',30);
INSERT INTO adm_condominio.Veiculo (placa,cidade,estado,marca,modelo,cor,id_veiculo) VALUES ('SCK3579','Caruaru','PE','Ford','nine','red',31),('PQK5543','Florianópolis','SC','Kenworth','nine','black',32),('BMO5865','Piracicaba','SP','General Motors','five','black',33),('MUB9549','Duque de Caxias','RJ','Kia Motors','one','silver',34),('VRR3460','Águas Lindas de Goiás','GO','Maruti Suzuki','three','blue',35),('UYI6341','Gravataí','RS','Seat','ten','white',36),('LIK3398','Lauro de Freitas','BA','Renault','four','black',37),('MHV9395','Rio de Janeiro','RJ','Seat','seven','black',38),('PNF9927','Mauá','SP','Daimler','seven','white',39),('HAE5854','Duque de Caxias','RJ','Toyota','four','black',40);
INSERT INTO adm_condominio.Veiculo (placa,cidade,estado,marca,modelo,cor,id_veiculo) VALUES ('JTE9572','São José','SC','Mahindra and Mahindra','two','red',41),('QUX9853','Ribeirão Preto','SP','Daihatsu','ten','white',42),('NEY0947','Diadema','SP','BMW','one','black',43),('NHF0330','Belford Roxo','RJ','Smart','ten','black',44),('MFL1219','Ribeirão Preto','SP','BMW','three','black',45),('CXH5676','Ribeirão Preto','SP','Maruti Suzuki','five','black',46),('WAP0535','Ribeirão Preto','SP','Audi','four','silver',47),('EST8815','Piracicaba','SP','Fiat','two','blue',48),('AZM5587','Contagem','MG','Subaru','nine','silver',49),('AGN0857','Caxias','MA','Maruti Suzuki','nine','white',50);
INSERT INTO adm_condominio.Veiculo (placa,cidade,estado,marca,modelo,cor,id_veiculo) VALUES ('YGK5724','Betim','MG','Chrysler','two','black',51),('OYR0107','Barra do Corda','MA','Mazda','nine','blue',52),('HYT1241','Canoas','RS','General Motors','six','blue',53),('HFC0494','Olinda','PE','Cadillac','seven','white',54),('QJW5116','Jundiaí','SP','GMC','four','black',55),('IDG9044','Rio Grande','RS','Smart','five','blue',56),('QHE0517','Caucaia','CE','Ferrari','seven','silver',57),('JDR9481','Cascavel','PR','Infiniti','four','white',58),('PIM4068','Vitória da Conquista','BA','Daimler','five','red',59),('JTB3628','Santa Maria','RS','Dodge','two','red',60);
INSERT INTO adm_condominio.Veiculo (placa,cidade,estado,marca,modelo,cor,id_veiculo) VALUES ('INS9496','Diadema','SP','Nissan','one','white',61),('AKT1365','São Gonçalo','RJ','JLR','seven','white',62),('FZO7353','Belém','PA','General Motors','two','silver',63),('USY9169','Maranguape','CE','Ford','eight','silver',64),('VHP8572','Ilhéus','BA','General Motors','three','red',65),('JER9608','Ananindeua','PA','Fiat','ten','blue',66),('CLA3228','Camaçari','BA','Lincoln','eight','white',67),('CZV2533','Rio Grande','RS','Maruti Suzuki','nine','blue',68),('RXV1667','Campinas','SP','Hyundai Motors','four','silver',69),('WJB4082','Juazeiro do Norte','CE','Chevrolet','four','red',70);
INSERT INTO adm_condominio.Veiculo (placa,cidade,estado,marca,modelo,cor,id_veiculo) VALUES ('MTN2602','Jaboatão dos Guararapes','PE','Daimler','five','blue',71),('ZVB1706','Chapecó','SC','Jeep','eight','white',72),('WZM7817','Valparaíso de Goiás','GO','Nissan','four','white',73),('KPO0906','Mauá','SP','Renault','eight','white',74),('MZA5853','Fortaleza','CE','Buick','two','black',75),('KBH2212','Mogi das Cruzes','SP','Lincoln','six','blue',76),('QZB6065','Jundiaí','SP','Buick','four','white',77),('KQO0390','Rio de Janeiro','RJ','Lexus','five','white',78),('OZX3087','Crato','CE','Chrysler','one','red',79),('ILM7671','Niterói','RJ','Mazda','one','white',80);

-- Entrada e Saída
INSERT INTO adm_condominio.Entrada_Saida (data_hora,acao,tecnologia,id_es) VALUES ('2018-05-11 22:50:43','s','Apple Systems',1),('2019-05-18 22:14:29','s','Finale',2),('2018-04-15 21:29:53','e','Borland',3),('2019-07-27 23:49:11','s','Macromedia',4),('2020-03-24 04:26:45','s','Chami',5),('2018-07-18 20:22:55','e','Lycos',6),('2018-04-16 08:28:40','e','Finale',7),('2018-09-27 09:19:40','s','Chami',8),('2019-08-02 12:22:30','e','Macromedia',9),('2019-11-10 20:08:41','e','Microsoft',10);
INSERT INTO adm_condominio.Entrada_Saida (data_hora,acao,tecnologia,id_es) VALUES ('2019-08-24 05:59:54','e','Sibelius',11),('2018-07-23 03:14:01','s','Altavista',12),('2018-07-25 06:39:54','e','Apple Systems',13),('2019-12-14 23:27:58','e','Finale',14),('2018-03-01 00:57:09','s','Chami',15),('2018-11-17 02:13:02','e','Microsoft',16),('2018-07-27 02:01:25','e','Microsoft',17),('2020-02-24 18:51:19','s','Finale',18),('2018-07-04 19:18:08','e','Adobe',19),('2019-10-21 23:15:37','s','Borland',20);

-- edificio

INSERT INTO adm_condominio.Edificio (nome_edificio,bloco,andares,qtd_finais,fk_id_condominio,id_edificio) VALUES ('Nam Nulla LLC','Aliquam',15,4,43,1),('Nunc Ltd','sit',14,7,21,2),('Mattis Institute','luctus',15,7,65,3),('Gravida Sagittis PC','ac',14,6,66,4),('Ante Vivamus Non Company','Nunc',15,1,60,5),('Vivamus Non Institute','sem',4,7,4,6),('Lorem Vitae Odio Foundation','aliquam',6,6,54,7),('Duis Institute','Cras',13,6,52,8),('Nec Cursus Inc.','parturient',3,1,70,9),('Egestas Company','odio',13,9,69,10);
INSERT INTO adm_condominio.Edificio (nome_edificio,bloco,andares,qtd_finais,fk_id_condominio,id_edificio) VALUES ('Dolor Fusce Mi Corporation','parturient',10,3,66,11),('Amet Faucibus Industries','facilisis',14,5,7,12),('Aliquet Limited','massa.',7,7,34,13),('Nunc Corporation','Fusce',8,9,27,14),('Vulputate Mauris Foundation','amet',9,3,4,15),('Phasellus Consulting','fermentum',11,4,63,16),('Ac Mi Eleifend LLC','et,',13,6,11,17),('Rutrum Limited','Morbi',10,3,45,18),('Consequat Foundation','non',13,4,69,19),('Et Malesuada Fames PC','interdum',10,4,33,20);
INSERT INTO adm_condominio.Edificio (nome_edificio,bloco,andares,qtd_finais,fk_id_condominio,id_edificio) VALUES ('Consectetuer Adipiscing Elit Institute','non',5,7,58,21),('Fermentum Metus Incorporated','placerat,',4,9,50,22),('Nam Company','hendrerit',14,5,26,23),('In Scelerisque Limited','ipsum',14,1,1,24),('Scelerisque Inc.','at,',5,6,43,25),('Malesuada Foundation','elementum,',3,7,9,26),('Mauris Vestibulum Institute','at',6,1,52,27),('Diam Dictum Sapien LLP','quam',12,4,47,28),('Sed Orci Industries','erat',11,6,52,29),('Suspendisse Consulting','nunc',6,9,27,30);
INSERT INTO adm_condominio.Edificio (nome_edificio,bloco,andares,qtd_finais,fk_id_condominio,id_edificio) VALUES ('Tellus Faucibus Leo Incorporated','malesuada',8,9,65,31),('Tempus Non Company','et',8,4,14,32),('Ligula Consectetuer Rhoncus Associates','ante',7,2,43,33),('Urna Nullam Lobortis LLC','enim,',15,1,23,34),('Sociis Corp.','mi',9,6,29,35),('Libero Proin Sed Foundation','mauris',14,7,27,36),('In Corporation','neque.',11,4,42,37),('Dolor Dolor Inc.','Quisque',14,2,19,38),('Ipsum Phasellus Incorporated','nulla.',9,5,60,39),('Ac Industries','consequat',15,5,23,40);
INSERT INTO adm_condominio.Edificio (nome_edificio,bloco,andares,qtd_finais,fk_id_condominio,id_edificio) VALUES ('Nisi Aenean Foundation','lacus',7,9,20,41),('Nisi Dictum Incorporated','dolor.',3,4,49,42),('Lorem Ipsum Dolor Associates','tellus.',6,5,39,43),('Ut Ipsum Ac Institute','non,',15,4,41,44),('Curabitur Egestas Nunc Limited','ultricies',6,7,28,45),('Mauris Incorporated','Nulla',12,1,6,46),('Non Ltd','risus',12,8,34,47),('Pede Foundation','enim.',11,2,20,48),('Sit Amet Risus Foundation','tristique',10,7,35,49),('Purus Nullam Consulting','nibh',14,8,46,50);

--Moradia
INSERT INTO adm_condominio.Moradia (tipo_moradia,id_moradia) VALUES ('c',1),('a',2),('c',3),('c',4),('a',5),('c',6),('a',7),('c',8),('a',9),('a',10);
INSERT INTO adm_condominio.Moradia (tipo_moradia,id_moradia) VALUES ('a',11),('c',12),('a',13),('a',14),('c',15),('c',16),('a',17),('c',18),('a',19),('c',20);
INSERT INTO adm_condominio.Moradia (tipo_moradia,id_moradia) VALUES ('c',21),('a',22),('a',23),('a',24),('a',25),('a',26),('a',27),('c',28),('a',29),('a',30);
INSERT INTO adm_condominio.Moradia (tipo_moradia,id_moradia) VALUES ('c',31),('c',32),('c',33),('c',34),('a',35),('a',36),('a',37),('c',38),('c',39),('a',40);
INSERT INTO adm_condominio.Moradia (tipo_moradia,id_moradia) VALUES ('c',41),('c',42),('a',43),('c',44),('a',45),('a',46),('c',47),('a',48),('a',49),('c',50);
INSERT INTO adm_condominio.Moradia (tipo_moradia,id_moradia) VALUES ('c',51),('a',52),('a',53),('a',54),('a',55),('a',56),('a',57),('a',58),('a',59),('a',60);
INSERT INTO adm_condominio.Moradia (tipo_moradia,id_moradia) VALUES ('a',61),('a',62),('a',63),('a',64),('a',65),('a',66),('a',67),('a',68),('a',69),('a',70);
INSERT INTO adm_condominio.Moradia (tipo_moradia,id_moradia) VALUES ('a',71),('a',72),('a',73),('a',74),('c',75),('c',76),('a',77),('a',78),('c',79),('c',80);
INSERT INTO adm_condominio.Moradia (tipo_moradia,id_moradia) VALUES ('a',81),('a',82),('c',83),('a',84),('a',85),('a',86),('a',87),('c',88),('c',89),('a',90);

-- login

INSERT INTO adm_condominio.Login (id_usuario,usuario,senha) VALUES (1,'RLISE171','HGP84XWA2VH67G5'),(2,'BFRIG931','AXC89NAB3AG70U6'),(3,'ROUEQ485','ZVO92IXK7BB42T8'),(4,'OWDMA081','MTW42UGS2MJ35H7'),(5,'IPSEV185','ZQR45ISE6ZY53K8'),(6,'AHZJM770','FEV12GPG2GQ44A3'),(7,'WNYJE231','LJT46UNC3YC40A2'),(8,'VMYAR070','JVK39EMB6VE38O6'),(9,'LGXPY188','COK79OUI9GA81W0'),(10,'TIVKM106','EFQ69MNS5QK28H2');

-- Documento
INSERT INTO adm_condominio.Documento (nome_documento,status_documento,data,caminho_texto,id_moradia) VALUES ('Customer Service','1','2011-01-10 06:11:37','WHC53RTV9EO9C81A5W9Q',1),('Tech Support','1','2016-01-26 23:42:19','LVH65YIZ5EC1Q99Y7A4C',2),('Sales and Marketing','4','2010-07-19 17:05:27','VLQ03NRT8HW5N99B0Y1K',3),('Tech Support','5','2018-11-18 15:19:24','VEE07MOJ6XN5B65C3C3G',4),('Payroll','2','2011-04-09 09:40:52','RAW38CWP0NT7W16O5F9J',5),('Quality Assurance','5','2017-10-11 09:20:09','QGL36XLA9IF3N01T1G4M',6),('Sales and Marketing','4','2017-10-31 10:15:18','KMA16VTV2SA1H25T4D8D',7),('Media Relations','2','2013-01-13 15:34:11','JNT56JRW8OR6D57D1Y2S',8),('Media Relations','3','2014-12-10 17:05:50','LNQ14OYK3ST1V04D2B4T',9),('Sales and Marketing','5','2013-03-05 16:25:30','HKO77ITC8IL2P81V5A2R',10);
INSERT INTO adm_condominio.Documento (nome_documento,status_documento,data,caminho_texto,id_moradia) VALUES ('Media Relations','4','2015-02-09 03:57:02','PEK76SBU4DQ3O97Y7C8J',11),('Tech Support','4','2012-11-09 03:55:46','DKP04ZWB4QW2F64J5F8X',12),('Sales and Marketing','3','2011-06-02 22:43:51','ECE62RHH7DU3Q51N3Z1O',13),('Sales and Marketing','2','2011-12-24 10:31:17','ICM54DCK4KM1W43D6Q8V',14),('Asset Management','3','2017-01-22 20:28:42','VXZ78GLY2XS6J62E9X1V',15),('Customer Relations','3','2017-10-31 02:34:29','WOE31WID7IQ4C87U7X9J',16),('Legal Department','3','2011-12-14 02:49:26','LUG16YAL4HY7A15V2S4E',17),('Customer Relations','3','2010-10-26 14:43:19','WGS83DTU8NZ7E40S8O6E',18),('Advertising','2','2018-07-05 00:05:37','FCN67GOO7LI9A36J5Z4J',19),('Legal Department','4','2010-01-08 20:41:54','WGV56OMQ2DK0O09W1U1R',20);
INSERT INTO adm_condominio.Documento (nome_documento,status_documento,data,caminho_texto,id_moradia) VALUES ('Accounting','2','2010-09-18 17:50:55','SCS61HYB7HP5V78J9R3F',21),('Quality Assurance','1','2018-01-26 17:23:30','TLV20MRL6PA5D08M6C9O',22),('Quality Assurance','4','2018-02-17 14:11:14','OTP18VNB0LX5P95H7L4E',23),('Payroll','3','2012-10-17 18:23:26','EWG54VUH6IO5R25Z8S0Z',24),('Legal Department','2','2012-12-16 23:25:12','LUG50HGN6SB8S51D4C3W',25),('Media Relations','5','2010-01-06 04:46:27','IMT94KJB3PX7E38O3L2Q',26),('Finances','5','2016-02-29 11:29:19','IPD47CPK5XK8W02D0P5E',27),('Finances','5','2017-11-11 20:20:13','JPG43PWR1GI8M13U0Q2E',28),('Public Relations','5','2017-01-08 14:43:48','JZT18UCT8UG5L68M8J7B',29),('Quality Assurance','5','2015-07-03 11:03:13','ISF61KKS3RZ3F53T2L1K',30);
INSERT INTO adm_condominio.Documento (nome_documento,status_documento,data,caminho_texto,id_moradia) VALUES ('Payroll','4','2015-03-05 23:17:54','HTX47HSD2ZX9U04T2H5T',31),('Advertising','2','2018-04-19 03:54:45','UXW72FGN2FR7B20R6A7N',32),('Finances','1','2012-03-14 17:53:18','SIA55RYK8WT6C61L2W8J',33),('Asset Management','3','2013-04-13 02:45:33','DJQ04RDY7KE6I07E6T3I',34),('Payroll','4','2015-01-19 18:42:48','XVV43BMR0PB0C90J9H5L',35),('Research and Development','5','2015-01-13 10:40:24','VJE45KSG9XE3P30E1U6K',36),('Public Relations','2','2014-06-04 13:53:35','YKO02JWF2CX4E81E4G7Y',37),('Payroll','4','2012-11-03 04:40:42','BNR64LUG9XO6B32C4L4Q',38),('Sales and Marketing','3','2011-02-21 02:52:59','AQR19HJY9MY3S99R1O0V',39),('Finances','1','2013-11-08 08:12:33','VXS07ZWG6IS6Q25S5Q6H',40);
INSERT INTO adm_condominio.Documento (nome_documento,status_documento,data,caminho_texto,id_moradia) VALUES ('Customer Service','1','2011-11-27 16:03:16','VRM50TNS6EE9U86Z1N4H',41),('Customer Service','2','2014-09-09 08:02:07','WPQ30XAR1KC2F91R1F9S',42),('Legal Department','4','2012-05-31 17:30:17','CZW00XVF9IR7J25G0W3L',43),('Customer Service','3','2014-05-18 03:06:21','DCC93TVD3FG0N18M4H6B',44),('Finances','3','2011-04-15 09:58:28','SUY76FWF7OS5G90X5L6G',45),('Asset Management','1','2015-05-07 00:47:53','MHT00XUS1LI8D16K6T3Q',46),('Accounting','4','2015-01-24 17:32:03','BCE65KVZ3XI2Y98V4K3W',47),('Research and Development','1','2018-02-01 06:43:31','IME51USD3ZC7W10H4W2R',48),('Media Relations','3','2012-05-25 16:22:54','DJI65QKE6DK2W28G9B5T',49),('Finances','4','2016-06-08 14:39:54','GXN91YJO8WJ6D96T0D2J',50);