-- Entidades  fortes

-- Endereco
INSERT INTO adm_condominio.Endereco (id_endereco,estado,cidade,logradouro,numero,cep) VALUES (1,'Pará','Santarém','8995 Tellus Street',2945,17953552),(2,'Minas Gerais','Uberaba','997-4229 Non Avenue',11831,10506822),(3,'Minas Gerais','Contagem','139-454 Eu, Ave',11350,74268026),(4,'Pernambuco','Jaboatão dos Guararapes','5320 In St.',6124,53111915),(5,'Minas Gerais','Betim','Ap #873-4938 Elit, St.',4021,23868869),(6,'Rio de Janeiro','São Gonçalo','8768 Tincidunt, Avenue',11528,94822836),(7,'São Paulo','Piracicaba','Ap #256-4320 Nulla Avenue',3922,81303296),(8,'Rio de Janeiro','Petrópolis','6482 Justo Ave',3640,46521688),(9,'Paraná','Cascavel','1203 Vel, St.',1106,43722859),(10,'Pernambuco','Olinda','P.O. Box 690, 9708 Iaculis Av.',15354,55304593);
INSERT INTO adm_condominio.Endereco (id_endereco,estado,cidade,logradouro,numero,cep) VALUES (11,'Rio de Janeiro','Belford Roxo','Ap #259-8644 Ac Road',10134,59047084),(12,'São Paulo','Jundiaí','610-108 Diam. Avenue',565,96523931),(13,'São Paulo','Osasco','P.O. Box 175, 7581 Non Rd.',11084,26504560),(14,'Ceará','Maracanaú','P.O. Box 101, 1340 Nunc Rd.',4929,9556183),(15,'Pernambuco','Paulista','P.O. Box 542, 9468 Nunc Ave',15677,17479641),(16,'Pará','Santarém','P.O. Box 325, 9913 Duis St.',12568,29408094),(17,'Bahia','Lauro de Freitas','P.O. Box 483, 815 Auctor, Av.',3031,89037917),(18,'Maranhão','Açailândia','9750 Suspendisse Rd.',9138,11573043),(19,'Ceará','Sobral','Ap #847-9424 Augue Rd.',1684,61292469),(20,'Paraná','Foz do Iguaçu','479-9247 Eget, Road',8087,19955876);
INSERT INTO adm_condominio.Endereco (id_endereco,estado,cidade,logradouro,numero,cep) VALUES (21,'São Paulo','Jundiaí','Ap #692-8074 Non Rd.',3889,19444838),(22,'Santa Catarina','Joinville','1625 Lectus Avenue',1169,89583505),(23,'São Paulo','Mogi das Cruzes','804-9380 Volutpat. Ave',789,49958730),(24,'Goiás','Valparaíso de Goiás','Ap #666-2083 Mi Avenue',8261,9579465),(25,'Minas Gerais','Juiz de Fora','129-4718 Lacinia. Ave',10194,1089000),(26,'Maranhão','Balsas','P.O. Box 325, 6584 Facilisi. Ave',4577,1041432),(27,'São Paulo','Osasco','2614 Blandit. St.',6087,3962129),(28,'Rio Grande do Sul','Caxias do Sul','904-3200 Donec St.',4518,93805871),(29,'São Paulo','Piracicaba','P.O. Box 229, 7319 Nam Rd.',12489,42960934),(30,'Ceará','Caucaia','536-9836 Augue Rd.',2432,81859573);
INSERT INTO adm_condominio.Endereco (id_endereco,estado,cidade,logradouro,numero,cep) VALUES (31,'Ceará','Sobral','1046 Arcu. Street',6640,23304169),(32,'Bahia','Lauro de Freitas','2895 Quisque Ave',3778,48025060),(33,'Goiás','Luziânia','Ap #640-3040 Curabitur St.',10493,21133244),(34,'Maranhão','Barra do Corda','P.O. Box 790, 7545 Ante Ave',12285,82683180),(35,'São Paulo','Diadema','Ap #611-2329 Nisl Street',5117,35487536),(36,'Minas Gerais','Santa Luzia','845-4310 Non St.',11973,58565862),(37,'Goiás','Rio Verde','Ap #222-5276 Donec Ave',11671,39287290),(38,'Paraná','Guarapuava','3810 Malesuada. St.',13759,96883571),(39,'São Paulo','Guarulhos','P.O. Box 409, 8401 Facilisis St.',677,52081939),(40,'São Paulo','Piracicaba','P.O. Box 714, 3665 Primis St.',6663,71035014);
INSERT INTO adm_condominio.Endereco (id_endereco,estado,cidade,logradouro,numero,cep) VALUES (41,'Minas Gerais','Montes Claros','Ap #376-5324 Magnis Av.',13247,29417408),(42,'São Paulo','Mauá','488-770 Convallis Rd.',5684,49654312),(43,'São Paulo','Guarulhos','P.O. Box 280, 263 Donec St.',6839,6271163),(44,'Bahia','Itabuna','1234 Id, Rd.',7271,97592826),(45,'Pará','Belém','P.O. Box 187, 8388 Vivamus Rd.',2397,72250988),(46,'Paraná','São José dos Pinhais','Ap #537-683 Proin Rd.',11594,17933964),(47,'Bahia','Camaçari','685-2610 Euismod Ave',9048,81308529),(48,'Ceará','Crato','9543 Vehicula Rd.',14621,60139026),(49,'Paraíba','Bayeux','3185 Integer Road',15269,36977566),(50,'Paraná','Cascavel','Ap #724-4840 Est, St.',12589,67208485);
INSERT INTO adm_condominio.Endereco (id_endereco,estado,cidade,logradouro,numero,cep) VALUES (51,'Paraná','Guarapuava','Ap #977-5425 Vel, Avenue',14504,85742708),(52,'São Paulo','Diadema','5187 Nunc Road',13892,42861487),(53,'São Paulo','Mogi das Cruzes','Ap #279-2052 Neque. Road',5900,53126308),(54,'Pernambuco','Camaragibe','131-4440 Turpis Ave',12951,98730071),(55,'Goiás','Águas Lindas de Goiás','P.O. Box 803, 2960 Id, St.',1204,65928641),(56,'Pernambuco','Jaboatão dos Guararapes','P.O. Box 261, 3333 Magna. Avenue',11712,37958892),(57,'Bahia','Salvador','Ap #664-6140 Donec Street',10534,28636425),(58,'Minas Gerais','Contagem','Ap #736-5867 Felis. Avenue',2697,1273466),(59,'São Paulo','Mauá','Ap #936-2121 Nibh. Road',1026,80874464),(60,'São Paulo','Piracicaba','P.O. Box 365, 4518 Nonummy Av.',2234,55829419);
INSERT INTO adm_condominio.Endereco (id_endereco,estado,cidade,logradouro,numero,cep) VALUES (61,'São Paulo','Ribeirão Preto','Ap #846-759 Sed Rd.',14312,19029235),(62,'São Paulo','Ribeirão Preto','Ap #494-5603 Pharetra, Avenue',6124,39042292),(63,'Pernambuco','Olinda','Ap #593-1905 Enim, Ave',9937,65471639),(64,'Rio de Janeiro','Rio de Janeiro','373-5114 Aenean Avenue',893,94200772),(65,'São Paulo','Mauá','4038 Aliquet Av.',3092,45213882),(66,'Rio Grande do Sul','Caxias do Sul','898-2441 Sit Av.',6210,48330473),(67,'Rio de Janeiro','Rio de Janeiro','2647 Duis Ave',15662,78229129),(68,'São Paulo','Campinas','Ap #998-6843 Integer Ave',13718,15706262),(69,'Bahia','Juazeiro','399-9406 Et Rd.',7267,878828),(70,'Paraná','Colombo','829-6057 Nam Street',1237,95723764);
INSERT INTO adm_condominio.Endereco (id_endereco,estado,cidade,logradouro,numero,cep) VALUES (71,'São Paulo','Osasco','5050 Senectus Rd.',2196,33926525),(72,'São Paulo','Guarulhos','P.O. Box 246, 534 Quisque Avenue',12239,78260754),(73,'Minas Gerais','Contagem','Ap #175-3902 Facilisis Street',4126,78412002),(74,'São Paulo','Mauá','5380 Magna. St.',15445,48494142),(75,'São Paulo','Mauá','Ap #558-6977 Enim Av.',7750,10089797),(76,'Rio Grande do Sul','Rio Grande','P.O. Box 948, 3364 Dui, Street',12141,38308152),(77,'Rio de Janeiro','São Gonçalo','Ap #120-4038 Arcu. Road',3690,4657159),(78,'Rio de Janeiro','Belford Roxo','P.O. Box 521, 9701 Nulla Avenue',9250,60278001),(79,'Santa Catarina','Itajaí','P.O. Box 944, 2378 Eu St.',5112,67174064),(80,'Paraná','Londrina','Ap #126-1485 Aenean Avenue',11278,80559074);
INSERT INTO adm_condominio.Endereco (id_endereco,estado,cidade,logradouro,numero,cep) VALUES (81,'São Paulo','Osasco','Ap #618-5971 Nec Ave',14057,10131318),(82,'Rio Grande do Sul','Canoas','P.O. Box 481, 8593 Nec Avenue',663,28286903),(83,'Ceará','Crato','3736 Curabitur Av.',5988,91204291),(84,'Minas Gerais','Uberaba','7631 Purus St.',12750,61841408),(85,'São Paulo','Mogi das Cruzes','304-6401 Aliquet, Rd.',10977,1539898),(86,'Paraná','Londrina','875-7255 Quam Rd.',11926,66753426),(87,'Bahia','Juazeiro','P.O. Box 723, 3550 Donec Street',1958,84945991),(88,'Goiás','Rio Verde','P.O. Box 253, 663 Nunc St.',10462,91642691),(89,'São Paulo','Jundiaí','215-3499 Velit Rd.',12653,22646052),(90,'Rio Grande do Sul','Porto Alegre','Ap #920-5934 Ac Av.',4548,26393323);
INSERT INTO adm_condominio.Endereco (id_endereco,estado,cidade,logradouro,numero,cep) VALUES (91,'Rio de Janeiro','Nova Iguaçu','Ap #280-6183 Blandit Rd.',3143,182990),(92,'Rio de Janeiro','Rio de Janeiro','2796 Aliquet, Ave',6555,71980685),(93,'Minas Gerais','Betim','345-3622 Neque St.',4542,78419681),(94,'São Paulo','Ribeirão Preto','P.O. Box 275, 8299 Sit Street',5372,5538396),(95,'São Paulo','Ribeirão Preto','P.O. Box 286, 7624 Vestibulum Rd.',15661,88171313),(96,'São Paulo','Jundiaí','P.O. Box 512, 4949 Integer Road',2714,58953939),(97,'Paraná','Colombo','955-8570 Nulla Av.',11895,77906070),(98,'São Paulo','Piracicaba','6875 Pede, Rd.',1826,1900145),(99,'Santa Catarina','Joinville','P.O. Box 467, 3779 Dolor Av.',11474,48404438),(100,'Ceará','Caucaia','P.O. Box 911, 4663 Proin Rd.',4704,93342836);

-- Administradora
--1 a 10 enderecos
INSERT INTO adm_condominio.Administradora (id_administradora,cnpj,nome_administradora,fk_id_endereco_matriz) VALUES (1,'20667084399610','Non Limited',11),(2,'74952442320063','Eros Limited',12),(3,'52115240031853','Egestas A PC',13),(4,'17635654243640','Lectus Ante Ltd',14),(5,'12921866024844','Amet Ante Vivamus Associates',15);
INSERT INTO adm_condominio.Administradora (id_administradora,cnpj,nome_administradora,fk_id_endereco_matriz) VALUES (6,'84838220942765','Diam Foundation',16),(7,'22368038301356','Fringilla Donec Feugiat Foundation',17),(8,'28494632132351','Pede Sagittis Augue Consulting',18),(9,'41893396712839','Et LLP',19),(10,'48129985127598','Eros Nam Limited',20);

-- Filial
--11 a 30 enderecos
INSERT INTO adm_condominio.Filial (nome_filial,regiao,fk_id_endereco,fk_id_administradora,id_filial) VALUES ('accumsan','MG',11,3,1),('Proin','PR',12,6,2),('tellus. Suspendisse sed','SP',13,7,3),('elit erat vitae','SP',14,10,4),('nec tellus. Nunc','SP',15,6,5),('ac sem','RS',16,8,6),('euismod urna. Nullam','RJ',17,5,7),('eleifend egestas.','MA',18,5,8),('blandit enim consequat','SP',19,1,9),('sed','MA',20,9,10);
INSERT INTO adm_condominio.Filial (nome_filial,regiao,fk_id_endereco,fk_id_administradora,id_filial) VALUES ('arcu.','BA',21,8,11),('magna,','PB',22,10,12),('vitae','SP',23,5,13),('ligula.','CE',24,1,14),('Maecenas iaculis','GO',25,6,15),('Fusce','PA',26,2,16),('dui','PA',27,3,17),('auctor odio','RJ',28,8,18),('at risus.','SC',29,1,19),('pede. Nunc','CE',30,5,20);

-- Condominio
--31 a 100 endereco
INSERT INTO adm_condominio.Condominio (tipo_condominio,fk_id_endereco,id_condominio) VALUES ('e',31,1),('e',32,2),('a',33,3),('e',34,4),('e',35,5),('e',36,6),('a',37,7),('a',38,8),('a',39,9),('a',40,10);
INSERT INTO adm_condominio.Condominio (tipo_condominio,fk_id_endereco,id_condominio) VALUES ('a',41,11),('e',42,12),('a',43,13),('e',44,14),('e',45,15),('a',46,16),('a',47,17),('e',48,18),('e',49,19),('a',50,20);
INSERT INTO adm_condominio.Condominio (tipo_condominio,fk_id_endereco,id_condominio) VALUES ('a',51,21),('a',52,22),('a',53,23),('e',54,24),('e',55,25),('e',56,26),('a',57,27),('e',58,28),('e',59,29),('a',60,30);
INSERT INTO adm_condominio.Condominio (tipo_condominio,fk_id_endereco,id_condominio) VALUES ('e',61,31),('e',62,32),('e',63,33),('a',64,34),('a',65,35),('a',66,36),('a',67,37),('a',68,38),('a',69,39),('e',70,40);
INSERT INTO adm_condominio.Condominio (tipo_condominio,fk_id_endereco,id_condominio) VALUES ('e',71,41),('a',72,42),('e',73,43),('e',74,44),('a',75,45),('e',76,46),('e',77,47),('a',78,48),('e',79,49),('e',80,50);
INSERT INTO adm_condominio.Condominio (tipo_condominio,fk_id_endereco,id_condominio) VALUES ('e',81,51),('a',82,52),('e',83,53),('a',84,54),('e',85,55),('e',86,56),('a',87,57),('e',88,58),('a',89,59),('e',90,60);
INSERT INTO adm_condominio.Condominio (tipo_condominio,fk_id_endereco,id_condominio) VALUES ('a',91,61),('e',92,62),('a',93,63),('e',94,64),('e',95,65),('a',96,66),('a',97,67),('a',98,68),('e',99,69),('e',100,70);

-- Pessoa
INSERT INTO adm_condominio.Pessoa (id_pessoa,cpf,nome,data_nascimento,sexo) VALUES (1,'29087227196','Stewart Hodge','03/01/76','m'),(2,'56930773365','Kaseem Holt','10/03/94','m'),(3,'46431104699','Randall Wall','20/07/80','m'),(4,'84858575304','Derek Dudley','27/01/69','m'),(5,'90962068401','Keefe Owens','03/02/66','f'),(6,'85895307762','Vincent Johnson','12/12/79','m'),(7,'98588357921','Rahim Mcfarland','02/09/52','m'),(8,'96741457232','Gary Mercado','09/12/00','f'),(9,'82080086469','Perry Mccarthy','24/04/56','m'),(10,'41839544577','Kasimir Kirkland','16/09/84','m');
INSERT INTO adm_condominio.Pessoa (id_pessoa,cpf,nome,data_nascimento,sexo) VALUES (11,'67936137001','Damian Horn','02/05/00','m'),(12,'55784322340','Randall Good','24/01/67','f'),(13,'24006703682','Arthur Hull','30/09/82','m'),(14,'88701722500','Ian Stuart','27/07/67','m'),(15,'64208881435','Rogan Silva','20/04/50','f'),(16,'73644009758','Lucius Deleon','16/07/67','f'),(17,'78947150041','Ivor Hickman','05/12/66','m'),(18,'71225721603','Kennedy Mayo','16/10/77','m'),(19,'48903635963','Colorado Wood','17/07/50','f'),(20,'73121339003','Cooper Ortega','29/04/79','f');
INSERT INTO adm_condominio.Pessoa (id_pessoa,cpf,nome,data_nascimento,sexo) VALUES (21,'41827238309','Yardley Hines','18/01/74','f'),(22,'12566026700','Nolan Glenn','09/10/58','m'),(23,'61831399234','Wang Dixon','20/03/93','m'),(24,'65683405222','Wesley Pate','27/09/98','f'),(25,'45105040259','Driscoll Barr','28/09/58','f'),(26,'74355973978','Phillip Mckinney','10/09/52','m'),(27,'55392611026','Rafael Harrison','20/08/85','m'),(28,'32609930420','Graham Weaver','03/08/59','m'),(29,'38537330711','Thor Kline','25/02/60','f'),(30,'63189034699','Forrest Gentry','24/05/87','f');
INSERT INTO adm_condominio.Pessoa (id_pessoa,cpf,nome,data_nascimento,sexo) VALUES (31,'52937796129','Travis Hays','10/08/91','f'),(32,'58061841335','Brandon Gates','12/11/75','f'),(33,'69470954583','Rigel Hurley','04/12/98','m'),(34,'89905475024','Neville Hardy','13/09/51','f'),(35,'88180447123','Timothy Adams','15/12/70','m'),(36,'15393632524','Hedley Montoya','25/01/52','f'),(37,'98220248748','Edan Washington','24/05/54','f'),(38,'86495664720','Logan Thomas','29/03/59','m'),(39,'53792685000','Acton Nixon','07/09/97','m'),(40,'84982853448','Kelly Medina','16/07/92','f');
INSERT INTO adm_condominio.Pessoa (id_pessoa,cpf,nome,data_nascimento,sexo) VALUES (41,'16202687891','Lane Haney','11/09/95','m'),(42,'93041499094','Chaney Brown','03/12/58','f'),(43,'84058057074','Neville Roman','19/01/97','f'),(44,'92505820589','Abbot Russo','03/03/80','f'),(45,'52327512190','Jarrod Oneal','15/02/93','f'),(46,'98688992140','Fritz Bond','16/12/89','m'),(47,'88581598596','Samuel Vaughn','27/02/86','m'),(48,'42876141206','Rogan Case','26/10/56','f'),(49,'73443078063','Lance Coffey','02/02/95','m'),(50,'82889243592','Benjamin Sweeney','28/06/74','f');
INSERT INTO adm_condominio.Pessoa (id_pessoa,cpf,nome,data_nascimento,sexo) VALUES (51,'54854936958','James Chang','04/09/74','m'),(52,'38498697346','Kibo Mccall','15/06/58','m'),(53,'48679655208','Garrett French','24/12/60','f'),(54,'81594723104','Grant Bray','12/02/52','f'),(55,'58537647277','Alfonso Mercado','08/09/62','f'),(56,'70685436152','Leonard Mosley','28/06/68','m'),(57,'38507823059','Quinlan Bradshaw','05/09/60','f'),(58,'21389861777','Elton Calderon','04/02/60','m'),(59,'98068475071','Levi Clay','30/10/51','m'),(60,'61355735785','Lucas Saunders','05/02/74','m');
INSERT INTO adm_condominio.Pessoa (id_pessoa,cpf,nome,data_nascimento,sexo) VALUES (61,'51384576205','Ryder Bright','17/07/71','f'),(62,'10977294789','Rudyard Cain','28/08/89','m'),(63,'29691415438','Bert Fleming','25/03/95','m'),(64,'84523060210','Quinlan Peck','07/02/74','m'),(65,'30674036005','Xenos Stuart','13/05/57','m'),(66,'16429985533','Noah Gross','03/12/61','f'),(67,'34591280105','Yardley Ortega','10/03/74','m'),(68,'22275423342','Oliver Rowland','12/05/82','m'),(69,'61603432842','Armand Barnett','19/09/95','f'),(70,'86477095326','Jonah Clemons','11/12/64','m');
INSERT INTO adm_condominio.Pessoa (id_pessoa,cpf,nome,data_nascimento,sexo) VALUES (71,'29514682590','Clarke King','31/03/69','m'),(72,'52151376511','Clayton Love','23/03/99','m'),(73,'41789745469','Kadeem Ayers','02/11/87','m'),(74,'52111090025','Jasper Ware','20/06/69','m'),(75,'76610718672','Kasper Whitaker','27/08/98','m'),(76,'32610079743','Victor Burgess','23/01/50','m'),(77,'48598741218','Wyatt Gay','18/09/55','m'),(78,'98791115866','Jasper Church','31/08/80','f'),(79,'70687418053','Barrett Neal','02/12/83','f'),(80,'17325805583','Merritt Acevedo','09/11/93','m');
INSERT INTO adm_condominio.Pessoa (id_pessoa,cpf,nome,data_nascimento,sexo) VALUES (81,'54394409591','Nash Benjamin','18/04/81','m'),(82,'77829105621','Branden Olson','02/02/69','m'),(83,'61270415596','Geoffrey Baker','10/06/86','f'),(84,'33752663568','Caesar Calhoun','09/02/99','m'),(85,'80343655492','Uriah Hunt','03/10/98','f'),(86,'30016263178','Lester Tyler','02/07/50','f'),(87,'16530864420','Bernard Holt','15/01/63','f'),(88,'26166516155','Ivor Walter','02/05/74','f'),(89,'25623320131','Kieran Vinson','09/02/58','m'),(90,'59299451969','Cedric Koch','07/12/72','f');
INSERT INTO adm_condominio.Pessoa (id_pessoa,cpf,nome,data_nascimento,sexo) VALUES (91,'57140000169','Jameson Floyd','15/04/66','m'),(92,'21882756534','Abbot Lindsey','26/07/52','f'),(93,'37162288716','Armando Keller','24/05/99','m'),(94,'84027041937','Rogan Bright','27/11/93','m'),(95,'44214986707','Emerson Kinney','02/02/69','f'),(96,'15037412703','Herman Henry','08/05/91','m'),(97,'77069498663','Allen Velasquez','12/10/00','m'),(98,'40156712057','Connor Sears','26/11/72','m'),(99,'72747950321','Samuel Ford','31/01/52','f'),(100,'59712499752','Deacon Rivers','02/07/85','f');

-- Corpo Administrativo
INSERT INTO adm_condominio.Corpo_Administrativo (id_corpo,id_sindico,id_subsindico,id_conselheiro_1,id_conselheiro_2,id_conselheiro_3,data_eleicao) VALUES (1,4,17,22,32,46,'05-06-19'),(2,8,11,23,37,46,'04-08-27'),(3,7,17,30,37,43,'07-07-06'),(4,10,20,26,31,50,'06-01-06'),(5,3,18,30,33,48,'07-08-17'),(6,10,17,30,36,44,'02-06-08'),(7,6,11,24,33,47,'04-09-29'),(8,10,16,27,32,49,'11-06-12'),(9,5,20,21,40,45,'07-07-09'),(10,7,19,23,33,48,'05-04-23');
INSERT INTO adm_condominio.Corpo_Administrativo (id_corpo,id_sindico,id_subsindico,id_conselheiro_1,id_conselheiro_2,id_conselheiro_3,data_eleicao) VALUES (11,2,16,30,32,42,'11-05-22'),(12,3,18,25,40,47,'02-04-03'),(13,6,11,23,34,48,'14-04-14'),(14,3,17,26,40,46,'14-03-11'),(15,7,14,27,32,47,'17-12-03'),(16,1,12,25,33,41,'07-10-04'),(17,3,12,22,33,49,'17-01-04'),(18,8,19,29,31,45,'15-12-07'),(19,6,19,21,37,49,'17-09-15'),(20,5,19,26,37,42,'08-08-03');
INSERT INTO adm_condominio.Corpo_Administrativo (id_corpo,id_sindico,id_subsindico,id_conselheiro_1,id_conselheiro_2,id_conselheiro_3,data_eleicao) VALUES (21,10,20,21,36,41,'17-04-17'),(22,7,11,27,36,47,'12-11-26'),(23,8,19,25,35,41,'04-12-17'),(24,1,17,21,36,46,'15-12-16'),(25,1,18,24,33,42,'05-08-13'),(26,3,17,30,39,41,'08-12-31'),(27,2,14,26,34,50,'16-02-20'),(28,9,16,22,31,49,'10-08-10'),(29,4,16,29,36,46,'06-12-24'),(30,2,19,28,35,41,'07-01-16');
INSERT INTO adm_condominio.Corpo_Administrativo (id_corpo,id_sindico,id_subsindico,id_conselheiro_1,id_conselheiro_2,id_conselheiro_3,data_eleicao) VALUES (31,10,18,29,36,43,'12-04-14'),(32,8,17,27,34,47,'04-08-31'),(33,7,14,29,35,49,'06-01-12'),(34,1,12,26,35,45,'05-05-23'),(35,7,18,22,33,42,'11-02-23'),(36,8,19,25,36,44,'07-09-22'),(37,10,18,22,35,46,'14-11-09'),(38,9,16,27,32,48,'07-11-08'),(39,4,15,28,32,44,'07-11-03'),(40,9,19,28,38,47,'12-08-25');
INSERT INTO adm_condominio.Corpo_Administrativo (id_corpo,id_sindico,id_subsindico,id_conselheiro_1,id_conselheiro_2,id_conselheiro_3,data_eleicao) VALUES (41,10,14,22,36,49,'05-10-03'),(42,9,19,22,32,48,'14-03-14'),(43,1,18,22,37,44,'16-12-10'),(44,9,19,30,34,49,'13-02-25'),(45,3,18,23,32,41,'04-05-17'),(46,8,13,24,35,45,'08-11-22'),(47,10,14,29,36,45,'08-10-05'),(48,3,12,21,33,50,'14-03-29'),(49,5,12,30,37,46,'04-03-19'),(50,7,20,29,31,47,'09-05-11');
INSERT INTO adm_condominio.Corpo_Administrativo (id_corpo,id_sindico,id_subsindico,id_conselheiro_1,id_conselheiro_2,id_conselheiro_3,data_eleicao) VALUES (51,5,19,25,37,49,'17-07-21'),(52,6,12,26,38,50,'10-05-24'),(53,1,11,23,32,41,'12-03-14'),(54,8,12,24,33,43,'03-04-06'),(55,1,14,27,32,47,'09-02-26'),(56,2,16,23,33,47,'17-02-11'),(57,7,20,21,39,44,'11-01-20'),(58,4,17,29,31,46,'03-02-16'),(59,4,17,23,33,49,'10-06-28'),(60,8,15,24,37,50,'09-09-09');
INSERT INTO adm_condominio.Corpo_Administrativo (id_corpo,id_sindico,id_subsindico,id_conselheiro_1,id_conselheiro_2,id_conselheiro_3,data_eleicao) VALUES (61,3,18,26,39,44,'14-08-27'),(62,8,20,22,35,44,'16-09-17'),(63,2,13,22,32,42,'06-10-07'),(64,1,11,22,36,42,'13-11-26'),(65,4,17,26,33,46,'03-09-23'),(66,1,16,24,35,41,'13-05-27'),(67,8,20,28,34,43,'15-11-28'),(68,1,16,27,36,49,'11-11-25'),(69,5,14,25,34,46,'15-04-02'),(70,8,20,22,33,44,'12-03-03');
INSERT INTO adm_condominio.Corpo_Administrativo (id_corpo,id_sindico,id_subsindico,id_conselheiro_1,id_conselheiro_2,id_conselheiro_3,data_eleicao) VALUES (71,3,19,22,39,44,'09-12-04'),(72,3,17,22,38,46,'15-05-08'),(73,4,13,23,35,48,'14-05-21'),(74,5,16,22,34,41,'07-03-10'),(75,9,15,23,37,42,'09-12-04'),(76,7,17,23,40,42,'07-12-29'),(77,1,14,26,40,50,'04-03-28'),(78,7,12,26,35,41,'15-07-11'),(79,10,11,29,32,49,'06-10-26'),(80,10,16,26,34,48,'12-11-09');
INSERT INTO adm_condominio.Corpo_Administrativo (id_corpo,id_sindico,id_subsindico,id_conselheiro_1,id_conselheiro_2,id_conselheiro_3,data_eleicao) VALUES (81,10,12,25,39,41,'17-04-01'),(82,3,20,21,37,48,'12-08-16'),(83,7,15,25,38,43,'17-07-24'),(84,5,19,25,33,43,'10-09-22'),(85,4,13,23,35,47,'09-09-16'),(86,7,14,26,37,49,'13-05-03'),(87,2,16,24,31,50,'16-07-09'),(88,9,19,24,37,46,'14-12-20'),(89,9,16,24,32,50,'12-08-30'),(90,4,16,29,39,43,'02-11-19');
INSERT INTO adm_condominio.Corpo_Administrativo (id_corpo,id_sindico,id_subsindico,id_conselheiro_1,id_conselheiro_2,id_conselheiro_3,data_eleicao) VALUES (91,6,15,25,37,43,'07-07-08'),(92,4,14,27,40,49,'03-07-03'),(93,7,12,21,39,45,'10-05-01'),(94,9,16,22,36,43,'07-03-16'),(95,10,13,30,37,41,'03-03-26'),(96,7,15,25,39,48,'06-09-07'),(97,2,17,22,31,41,'05-10-21'),(98,7,18,23,39,42,'04-10-08'),(99,1,15,30,38,45,'16-11-20'),(100,7,12,30,38,43,'04-01-09');

--Veiculo
INSERT INTO adm_condominio_Veiculo (placa,cidade,estado,marca,modelo,cor,id_veiculo) VALUES ('XSP8204','Parauapebas','PA','Kia Motors','five','blue',1),('QLQ2067','Niterói','RJ','Cadillac','six','red',2),('QXY1926','Jundiaí','SP','FAW','eight','silver',3),('LJX0088','Chapecó','SC','Suzuki','five','black',4),('XIS4997','São José','SC','Kenworth','four','black',5),('YYB5883','Jaboatão dos Guararapes','PE','Acura','six','black',6),('WJL2871','Abaetetuba','PA','Ferrari','two','silver',7),('LNB4619','Duque de Caxias','RJ','Audi','eight','black',8),('OES7902','Carapicuíba','SP','Dongfeng Motor','four','red',9),('QDO0708','Carapicuíba','SP','Audi','nine','red',10);
INSERT INTO adm_condominio.Veiculo (placa,cidade,estado,marca,modelo,cor,id_veiculo) VALUES ('JAJ1019','Governador Valadares','MG','Peugeot','ten','silver',11),('OAG7658','Ribeirão Preto','SP','Audi','one','blue',12),('CRD7305','Mauá','SP','Lincoln','ten','silver',13),('TBW6264','Mauá','SP','Lincoln','eight','blue',14),('RHF2691','Ribeirão Preto','SP','Renault','one','black',15),('ZSR1775','Carapicuíba','SP','Ford','four','silver',16),('NDY9434','Uberlândia','MG','Acura','seven','silver',17),('HDO2111','Santa Luzia','MG','Chrysler','ten','white',18),('JTW8056','Florianópolis','SC','Isuzu','five','black',19),('GQY1032','Paço do Lumiar','MA','Daimler','four','red',20);
INSERT INTO adm_condominio.Veiculo (placa,cidade,estado,marca,modelo,cor,id_veiculo) VALUES ('YIJ8335','Blumenau','SC','General Motors','nine','blue',21),('BEO4482','Petrolina','PE','Jeep','one','silver',22),('IKL3299','Castanhal','PA','Mitsubishi Motors','ten','red',23),('RZK6488','Juazeiro','BA','Jeep','seven','white',24),('JAM5451','Paço do Lumiar','MA','Volvo','nine','red',25),('FQP1783','Feira de Santana','BA','Mazda','five','black',26),('IRS4074','Lauro de Freitas','BA','Smart','eight','silver',27),('AMZ7211','Fortaleza','CE','Vauxhall','ten','blue',28),('OCG3709','Imperatriz','MA','Dacia','six','red',29),('NIQ5958','Guarulhos','SP','Jeep','two','black',30);
INSERT INTO adm_condominio.Veiculo (placa,cidade,estado,marca,modelo,cor,id_veiculo) VALUES ('SCK3579','Caruaru','PE','Ford','nine','red',31),('PQK5543','Florianópolis','SC','Kenworth','nine','black',32),('BMO5865','Piracicaba','SP','General Motors','five','black',33),('MUB9549','Duque de Caxias','RJ','Kia Motors','one','silver',34),('VRR3460','Águas Lindas de Goiás','GO','Maruti Suzuki','three','blue',35),('UYI6341','Gravataí','RS','Seat','ten','white',36),('LIK3398','Lauro de Freitas','BA','Renault','four','black',37),('MHV9395','Rio de Janeiro','RJ','Seat','seven','black',38),('PNF9927','Mauá','SP','Daimler','seven','white',39),('HAE5854','Duque de Caxias','RJ','Toyota','four','black',40);
INSERT INTO adm_condominio.Veiculo (placa,cidade,estado,marca,modelo,cor,id_veiculo) VALUES ('JTE9572','São José','SC','Mahindra and Mahindra','two','red',41),('QUX9853','Ribeirão Preto','SP','Daihatsu','ten','white',42),('NEY0947','Diadema','SP','BMW','one','black',43),('NHF0330','Belford Roxo','RJ','Smart','ten','black',44),('MFL1219','Ribeirão Preto','SP','BMW','three','black',45),('CXH5676','Ribeirão Preto','SP','Maruti Suzuki','five','black',46),('WAP0535','Ribeirão Preto','SP','Audi','four','silver',47),('EST8815','Piracicaba','SP','Fiat','two','blue',48),('AZM5587','Contagem','MG','Subaru','nine','silver',49),('AGN0857','Caxias','MA','Maruti Suzuki','nine','white',50);
INSERT INTO adm_condominio.Veiculo (placa,cidade,estado,marca,modelo,cor,id_veiculo) VALUES ('YGK5724','Betim','MG','Chrysler','two','black',51),('OYR0107','Barra do Corda','MA','Mazda','nine','blue',52),('HYT1241','Canoas','RS','General Motors','six','blue',53),('HFC0494','Olinda','PE','Cadillac','seven','white',54),('QJW5116','Jundiaí','SP','GMC','four','black',55),('IDG9044','Rio Grande','RS','Smart','five','blue',56),('QHE0517','Caucaia','CE','Ferrari','seven','silver',57),('JDR9481','Cascavel','PR','Infiniti','four','white',58),('PIM4068','Vitória da Conquista','BA','Daimler','five','red',59),('JTB3628','Santa Maria','RS','Dodge','two','red',60);
INSERT INTO adm_condominio.Veiculo (placa,cidade,estado,marca,modelo,cor,id_veiculo) VALUES ('INS9496','Diadema','SP','Nissan','one','white',61),('AKT1365','São Gonçalo','RJ','JLR','seven','white',62),('FZO7353','Belém','PA','General Motors','two','silver',63),('USY9169','Maranguape','CE','Ford','eight','silver',64),('VHP8572','Ilhéus','BA','General Motors','three','red',65),('JER9608','Ananindeua','PA','Fiat','ten','blue',66),('CLA3228','Camaçari','BA','Lincoln','eight','white',67),('CZV2533','Rio Grande','RS','Maruti Suzuki','nine','blue',68),('RXV1667','Campinas','SP','Hyundai Motors','four','silver',69),('WJB4082','Juazeiro do Norte','CE','Chevrolet','four','red',70);
INSERT INTO adm_condominio.Veiculo (placa,cidade,estado,marca,modelo,cor,id_veiculo) VALUES ('MTN2602','Jaboatão dos Guararapes','PE','Daimler','five','blue',71),('ZVB1706','Chapecó','SC','Jeep','eight','white',72),('WZM7817','Valparaíso de Goiás','GO','Nissan','four','white',73),('KPO0906','Mauá','SP','Renault','eight','white',74),('MZA5853','Fortaleza','CE','Buick','two','black',75),('KBH2212','Mogi das Cruzes','SP','Lincoln','six','blue',76),('QZB6065','Jundiaí','SP','Buick','four','white',77),('KQO0390','Rio de Janeiro','RJ','Lexus','five','white',78),('OZX3087','Crato','CE','Chrysler','one','red',79),('ILM7671','Niterói','RJ','Mazda','one','white',80);

-- Entrada e Saída
INSERT INTO adm_condominio.Entrada_Saida (data_hora,acao,tecnologia,id_es) VALUES ('2018-05-11 22:50:43','s','Apple Systems',1),('2019-05-18 22:14:29','s','Finale',2),('2018-04-15 21:29:53','e','Borland',3),('2019-07-27 23:49:11','s','Macromedia',4),('2020-03-24 04:26:45','s','Chami',5),('2018-07-18 20:22:55','e','Lycos',6),('2018-04-16 08:28:40','e','Finale',7),('2018-09-27 09:19:40','s','Chami',8),('2019-08-02 12:22:30','e','Macromedia',9),('2019-11-10 20:08:41','e','Microsoft',10);
INSERT INTO adm_condominio.Entrada_Saida (data_hora,acao,tecnologia,id_es) VALUES ('2019-08-24 05:59:54','e','Sibelius',11),('2018-07-23 03:14:01','s','Altavista',12),('2018-07-25 06:39:54','e','Apple Systems',13),('2019-12-14 23:27:58','e','Finale',14),('2018-03-01 00:57:09','s','Chami',15),('2018-11-17 02:13:02','e','Microsoft',16),('2018-07-27 02:01:25','e','Microsoft',17),('2020-02-24 18:51:19','s','Finale',18),('2018-07-04 19:18:08','e','Adobe',19),('2019-10-21 23:15:37','s','Borland',20);

-- Edificio
INSERT INTO adm_condominio.Edificio (nome_edificio,bloco,andares,qtd_finais,fk_id_condominio,id_edificio) VALUES ('Nam Nulla LLC','Aliquam',15,4,43,1),('Nunc Ltd','sit',14,7,21,2),('Mattis Institute','luctus',15,7,65,3),('Gravida Sagittis PC','ac',14,6,66,4),('Ante Vivamus Non Company','Nunc',15,1,60,5),('Vivamus Non Institute','sem',4,7,4,6),('Lorem Vitae Odio Foundation','aliquam',6,6,54,7),('Duis Institute','Cras',13,6,52,8),('Nec Cursus Inc.','parturient',3,1,70,9),('Egestas Company','odio',13,9,69,10);
INSERT INTO adm_condominio.Edificio (nome_edificio,bloco,andares,qtd_finais,fk_id_condominio,id_edificio) VALUES ('Dolor Fusce Mi Corporation','parturient',10,3,66,11),('Amet Faucibus Industries','facilisis',14,5,7,12),('Aliquet Limited','massa.',7,7,34,13),('Nunc Corporation','Fusce',8,9,27,14),('Vulputate Mauris Foundation','amet',9,3,4,15),('Phasellus Consulting','fermentum',11,4,63,16),('Ac Mi Eleifend LLC','et,',13,6,11,17),('Rutrum Limited','Morbi',10,3,45,18),('Consequat Foundation','non',13,4,69,19),('Et Malesuada Fames PC','interdum',10,4,33,20);
INSERT INTO adm_condominio.Edificio (nome_edificio,bloco,andares,qtd_finais,fk_id_condominio,id_edificio) VALUES ('Consectetuer Adipiscing Elit Institute','non',5,7,58,21),('Fermentum Metus Incorporated','placerat,',4,9,50,22),('Nam Company','hendrerit',14,5,26,23),('In Scelerisque Limited','ipsum',14,1,1,24),('Scelerisque Inc.','at,',5,6,43,25),('Malesuada Foundation','elementum,',3,7,9,26),('Mauris Vestibulum Institute','at',6,1,52,27),('Diam Dictum Sapien LLP','quam',12,4,47,28),('Sed Orci Industries','erat',11,6,52,29),('Suspendisse Consulting','nunc',6,9,27,30);
INSERT INTO adm_condominio.Edificio (nome_edificio,bloco,andares,qtd_finais,fk_id_condominio,id_edificio) VALUES ('Tellus Faucibus Leo Incorporated','malesuada',8,9,65,31),('Tempus Non Company','et',8,4,14,32),('Ligula Consectetuer Rhoncus Associates','ante',7,2,43,33),('Urna Nullam Lobortis LLC','enim,',15,1,23,34),('Sociis Corp.','mi',9,6,29,35),('Libero Proin Sed Foundation','mauris',14,7,27,36),('In Corporation','neque.',11,4,42,37),('Dolor Dolor Inc.','Quisque',14,2,19,38),('Ipsum Phasellus Incorporated','nulla.',9,5,60,39),('Ac Industries','consequat',15,5,23,40);
INSERT INTO adm_condominio.Edificio (nome_edificio,bloco,andares,qtd_finais,fk_id_condominio,id_edificio) VALUES ('Nisi Aenean Foundation','lacus',7,9,20,41),('Nisi Dictum Incorporated','dolor.',3,4,49,42),('Lorem Ipsum Dolor Associates','tellus.',6,5,39,43),('Ut Ipsum Ac Institute','non,',15,4,41,44),('Curabitur Egestas Nunc Limited','ultricies',6,7,28,45),('Mauris Incorporated','Nulla',12,1,6,46),('Non Ltd','risus',12,8,34,47),('Pede Foundation','enim.',11,2,20,48),('Sit Amet Risus Foundation','tristique',10,7,35,49),('Purus Nullam Consulting','nibh',14,8,46,50);

-- Moradia
INSERT INTO adm_condominio.Moradia (tipo_moradia,id_moradia) VALUES ('c',1),('a',2),('c',3),('c',4),('a',5),('c',6),('a',7),('c',8),('a',9),('a',10);
INSERT INTO adm_condominio.Moradia (tipo_moradia,id_moradia) VALUES ('a',11),('c',12),('a',13),('a',14),('c',15),('c',16),('a',17),('c',18),('a',19),('c',20);
INSERT INTO adm_condominio.Moradia (tipo_moradia,id_moradia) VALUES ('c',21),('a',22),('a',23),('a',24),('a',25),('a',26),('a',27),('c',28),('a',29),('a',30);
INSERT INTO adm_condominio.Moradia (tipo_moradia,id_moradia) VALUES ('c',31),('c',32),('c',33),('c',34),('a',35),('a',36),('a',37),('c',38),('c',39),('a',40);
INSERT INTO adm_condominio.Moradia (tipo_moradia,id_moradia) VALUES ('c',41),('c',42),('a',43),('c',44),('a',45),('a',46),('c',47),('a',48),('a',49),('c',50);
INSERT INTO adm_condominio.Moradia (tipo_moradia,id_moradia) VALUES ('c',51),('a',52),('a',53),('a',54),('a',55),('a',56),('a',57),('a',58),('a',59),('a',60);
INSERT INTO adm_condominio.Moradia (tipo_moradia,id_moradia) VALUES ('a',61),('a',62),('a',63),('a',64),('a',65),('a',66),('a',67),('a',68),('a',69),('a',70);
INSERT INTO adm_condominio.Moradia (tipo_moradia,id_moradia) VALUES ('a',71),('a',72),('a',73),('a',74),('c',75),('c',76),('a',77),('a',78),('c',79),('c',80);
INSERT INTO adm_condominio.Moradia (tipo_moradia,id_moradia) VALUES ('a',81),('a',82),('c',83),('a',84),('a',85),('a',86),('a',87),('c',88),('c',89),('a',90);

-- Login
INSERT INTO adm_condominio.Login (id_usuario,usuario,senha) VALUES (1,'RLISE171','HGP84XWA2VH67G5'),(2,'BFRIG931','AXC89NAB3AG70U6'),(3,'ROUEQ485','ZVO92IXK7BB42T8'),(4,'OWDMA081','MTW42UGS2MJ35H7'),(5,'IPSEV185','ZQR45ISE6ZY53K8'),(6,'AHZJM770','FEV12GPG2GQ44A3'),(7,'WNYJE231','LJT46UNC3YC40A2'),(8,'VMYAR070','JVK39EMB6VE38O6'),(9,'LGXPY188','COK79OUI9GA81W0'),(10,'TIVKM106','EFQ69MNS5QK28H2');

-- Documento
INSERT INTO adm_condominio.Documento (nome_documento,status_documento,data,caminho_documento,id_documento) VALUES ('Customer Service','1','2011-01-10 06:11:37','WHC53RTV9EO9C81A5W9Q',1),('Tech Support','1','2016-01-26 23:42:19','LVH65YIZ5EC1Q99Y7A4C',2),('Sales and Marketing','4','2010-07-19 17:05:27','VLQ03NRT8HW5N99B0Y1K',3),('Tech Support','5','2018-11-18 15:19:24','VEE07MOJ6XN5B65C3C3G',4),('Payroll','2','2011-04-09 09:40:52','RAW38CWP0NT7W16O5F9J',5),('Quality Assurance','5','2017-10-11 09:20:09','QGL36XLA9IF3N01T1G4M',6),('Sales and Marketing','4','2017-10-31 10:15:18','KMA16VTV2SA1H25T4D8D',7),('Media Relations','2','2013-01-13 15:34:11','JNT56JRW8OR6D57D1Y2S',8),('Media Relations','3','2014-12-10 17:05:50','LNQ14OYK3ST1V04D2B4T',9),('Sales and Marketing','5','2013-03-05 16:25:30','HKO77ITC8IL2P81V5A2R',10);
INSERT INTO adm_condominio.Documento (nome_documento,status_documento,data,caminho_documento,id_documento) VALUES ('Media Relations','4','2015-02-09 03:57:02','PEK76SBU4DQ3O97Y7C8J',11),('Tech Support','4','2012-11-09 03:55:46','DKP04ZWB4QW2F64J5F8X',12),('Sales and Marketing','3','2011-06-02 22:43:51','ECE62RHH7DU3Q51N3Z1O',13),('Sales and Marketing','2','2011-12-24 10:31:17','ICM54DCK4KM1W43D6Q8V',14),('Asset Management','3','2017-01-22 20:28:42','VXZ78GLY2XS6J62E9X1V',15),('Customer Relations','3','2017-10-31 02:34:29','WOE31WID7IQ4C87U7X9J',16),('Legal Department','3','2011-12-14 02:49:26','LUG16YAL4HY7A15V2S4E',17),('Customer Relations','3','2010-10-26 14:43:19','WGS83DTU8NZ7E40S8O6E',18),('Advertising','2','2018-07-05 00:05:37','FCN67GOO7LI9A36J5Z4J',19),('Legal Department','4','2010-01-08 20:41:54','WGV56OMQ2DK0O09W1U1R',20);
INSERT INTO adm_condominio.Documento (nome_documento,status_documento,data,caminho_documento,id_documento) VALUES ('Accounting','2','2010-09-18 17:50:55','SCS61HYB7HP5V78J9R3F',21),('Quality Assurance','1','2018-01-26 17:23:30','TLV20MRL6PA5D08M6C9O',22),('Quality Assurance','4','2018-02-17 14:11:14','OTP18VNB0LX5P95H7L4E',23),('Payroll','3','2012-10-17 18:23:26','EWG54VUH6IO5R25Z8S0Z',24),('Legal Department','2','2012-12-16 23:25:12','LUG50HGN6SB8S51D4C3W',25),('Media Relations','5','2010-01-06 04:46:27','IMT94KJB3PX7E38O3L2Q',26),('Finances','5','2016-02-29 11:29:19','IPD47CPK5XK8W02D0P5E',27),('Finances','5','2017-11-11 20:20:13','JPG43PWR1GI8M13U0Q2E',28),('Public Relations','5','2017-01-08 14:43:48','JZT18UCT8UG5L68M8J7B',29),('Quality Assurance','5','2015-07-03 11:03:13','ISF61KKS3RZ3F53T2L1K',30);
INSERT INTO adm_condominio.Documento (nome_documento,status_documento,data,caminho_documento,id_documento) VALUES ('Payroll','4','2015-03-05 23:17:54','HTX47HSD2ZX9U04T2H5T',31),('Advertising','2','2018-04-19 03:54:45','UXW72FGN2FR7B20R6A7N',32),('Finances','1','2012-03-14 17:53:18','SIA55RYK8WT6C61L2W8J',33),('Asset Management','3','2013-04-13 02:45:33','DJQ04RDY7KE6I07E6T3I',34),('Payroll','4','2015-01-19 18:42:48','XVV43BMR0PB0C90J9H5L',35),('Research and Development','5','2015-01-13 10:40:24','VJE45KSG9XE3P30E1U6K',36),('Public Relations','2','2014-06-04 13:53:35','YKO02JWF2CX4E81E4G7Y',37),('Payroll','4','2012-11-03 04:40:42','BNR64LUG9XO6B32C4L4Q',38),('Sales and Marketing','3','2011-02-21 02:52:59','AQR19HJY9MY3S99R1O0V',39),('Finances','1','2013-11-08 08:12:33','VXS07ZWG6IS6Q25S5Q6H',40);
INSERT INTO adm_condominio.Documento (nome_documento,status_documento,data,caminho_documento,id_documento) VALUES ('Customer Service','1','2011-11-27 16:03:16','VRM50TNS6EE9U86Z1N4H',41),('Customer Service','2','2014-09-09 08:02:07','WPQ30XAR1KC2F91R1F9S',42),('Legal Department','4','2012-05-31 17:30:17','CZW00XVF9IR7J25G0W3L',43),('Customer Service','3','2014-05-18 03:06:21','DCC93TVD3FG0N18M4H6B',44),('Finances','3','2011-04-15 09:58:28','SUY76FWF7OS5G90X5L6G',45),('Asset Management','1','2015-05-07 00:47:53','MHT00XUS1LI8D16K6T3Q',46),('Accounting','4','2015-01-24 17:32:03','BCE65KVZ3XI2Y98V4K3W',47),('Research and Development','1','2018-02-01 06:43:31','IME51USD3ZC7W10H4W2R',48),('Media Relations','3','2012-05-25 16:22:54','DJI65QKE6DK2W28G9B5T',49),('Finances','4','2016-06-08 14:39:54','GXN91YJO8WJ6D96T0D2J',50);

-- Entidades fracas

-- Espaco
INSERT INTO adm_condominio.Espaco (fk_id_condominio,id_espaco,nome_espaco,capacidade,reservavel) VALUES (19,1,'volutpat',19,FALSE),(64,2,'mattis ornare,',105,FALSE),(11,3,'augue.',186,FALSE),(20,4,'ultrices a, auctor',110,TRUE),(63,5,'Pellentesque',145,FALSE),(55,6,'neque. Nullam ut nisi',73,FALSE),(47,7,'tempor, est ac',43,FALSE),(45,8,'dolor egestas',145,TRUE),(5,9,'dictum sapien.',30,FALSE),(46,10,'consectetuer rhoncus. Nullam',88,TRUE);
INSERT INTO adm_condominio.Espaco (fk_id_condominio,id_espaco,nome_espaco,capacidade,reservavel) VALUES (62,11,'Mauris non dui nec',119,TRUE),(7,12,'Etiam laoreet,',9,TRUE),(62,13,'convallis in, cursus',105,TRUE),(17,14,'quis,',145,TRUE),(57,15,'mauris sapien, cursus in,',153,FALSE),(59,16,'nec tellus. Nunc lectus',8,TRUE),(24,17,'eleifend, nunc risus varius',15,TRUE),(11,18,'id, erat. Etiam vestibulum',33,FALSE),(48,19,'eleifend nec, malesuada ut,',41,TRUE),(50,20,'In',148,TRUE);
INSERT INTO adm_condominio.Espaco (fk_id_condominio,id_espaco,nome_espaco,capacidade,reservavel) VALUES (61,21,'diam. Sed diam lorem,',26,FALSE),(47,22,'dictum eleifend, nunc risus',66,FALSE),(6,23,'non',12,TRUE),(45,24,'vestibulum',6,TRUE),(41,25,'Pellentesque tincidunt',46,TRUE),(52,26,'dictum ultricies ligula.',25,FALSE),(60,27,'luctus',161,FALSE),(66,28,'ornare egestas ligula. Nullam',95,FALSE),(55,29,'senectus et netus et',115,FALSE),(36,30,'dis',4,FALSE);
INSERT INTO adm_condominio.Espaco (fk_id_condominio,id_espaco,nome_espaco,capacidade,reservavel) VALUES (24,31,'et, magna.',162,TRUE),(53,32,'vestibulum lorem, sit',95,FALSE),(40,33,'eu',120,TRUE),(51,34,'malesuada',121,TRUE),(8,35,'vulputate, risus',199,FALSE),(62,36,'orci.',159,FALSE),(45,37,'sed',183,TRUE),(33,38,'risus. Nunc ac sem',88,FALSE),(11,39,'blandit at, nisi.',200,TRUE),(6,40,'ante blandit viverra. Donec',142,FALSE);
INSERT INTO adm_condominio.Espaco (fk_id_condominio,id_espaco,nome_espaco,capacidade,reservavel) VALUES (26,41,'ut mi. Duis risus',49,TRUE),(19,42,'lorem, luctus ut, pellentesque',175,FALSE),(15,43,'vitae mauris sit',31,FALSE),(57,44,'tellus lorem eu',24,TRUE),(21,45,'libero lacus, varius et,',54,FALSE),(37,46,'Suspendisse eleifend. Cras',81,TRUE),(53,47,'mi tempor',179,FALSE),(43,48,'eu, ligula. Aenean euismod',58,TRUE),(9,49,'vitae',120,TRUE),(43,50,'mauris, aliquam',34,TRUE);
INSERT INTO adm_condominio.Espaco (fk_id_condominio,id_espaco,nome_espaco,capacidade,reservavel) VALUES (58,51,'Duis cursus, diam',90,TRUE),(68,52,'posuere,',184,TRUE),(26,53,'diam luctus lobortis.',17,FALSE),(66,54,'nec enim. Nunc',105,TRUE),(69,55,'accumsan convallis,',63,FALSE),(42,56,'aliquet magna a neque.',178,TRUE),(22,57,'Ut sagittis lobortis mauris.',138,FALSE),(59,58,'Donec porttitor',14,TRUE),(66,59,'mollis. Phasellus libero',92,FALSE),(11,60,'id, blandit',26,FALSE);
INSERT INTO adm_condominio.Espaco (fk_id_condominio,id_espaco,nome_espaco,capacidade,reservavel) VALUES (69,61,'ac',131,FALSE),(35,62,'sem egestas',160,TRUE),(60,63,'lobortis augue scelerisque',14,TRUE),(31,64,'metus urna convallis erat,',69,TRUE),(40,65,'parturient montes, nascetur',12,TRUE),(11,66,'Nullam feugiat placerat',172,FALSE),(67,67,'porttitor scelerisque neque. Nullam',20,FALSE),(1,68,'porta elit, a',138,TRUE),(58,69,'tellus non magna. Nam',127,FALSE),(8,70,'pede, ultrices a, auctor',123,TRUE);

-- Assembleia
INSERT INTO adm_condominio.Assembleia (fk_id_condominio,id_assembleia,data,fk_id_corpo_admin,assunto,tipo) VALUES (1,1,'13-08-03',12,'nonummy ac, feugiat non, lobortis quis, pede. Suspendisse','AGO'),(2,2,'08-05-01',18,'sit amet orci. Ut sagittis lobortis mauris. Suspendisse aliquet','AGE'),(3,3,'09-06-04',17,'enim non nisi. Aenean','AGO'),(4,4,'08-05-04',18,'Integer eu lacus. Quisque imperdiet, erat nonummy ultricies ornare,','AGE'),(5,5,'15-06-10',15,'et magnis dis parturient montes, nascetur ridiculus mus.','AGE'),(6,6,'12-02-28',5,'Duis ac arcu. Nunc mauris. Morbi','AGO'),(7,7,'08-06-28',14,'non leo. Vivamus nibh dolor,','AGE'),(8,8,'08-07-15',15,'magna, malesuada vel, convallis in, cursus et, eros.','AGO'),(9,9,'12-09-07',28,'dolor sit amet, consectetuer adipiscing elit. Curabitur sed tortor.','AGE'),(10,10,'14-10-15',29,'Integer sem','AGO');
INSERT INTO adm_condominio.Assembleia (fk_id_condominio,id_assembleia,data,fk_id_corpo_admin,assunto,tipo) VALUES (11,11,'13-04-11',9,'ultricies adipiscing, enim mi tempor lorem, eget mollis lectus pede','AGE'),(12,12,'15-03-20',22,'tellus faucibus leo, in','AGE'),(13,13,'15-01-01',23,'lectus. Cum sociis natoque penatibus','AGO'),(14,14,'15-04-23',18,'sem ut','AGO'),(15,15,'15-10-28',2,'odio. Aliquam','AGO'),(16,16,'17-12-21',21,'Aenean egestas hendrerit neque. In ornare sagittis felis. Donec tempor,','AGO'),(17,17,'09-10-27',19,'sollicitudin','AGO'),(18,18,'13-03-27',10,'auctor vitae, aliquet nec, imperdiet nec, leo. Morbi','AGE'),(19,19,'11-11-29',20,'dapibus gravida. Aliquam tincidunt, nunc ac mattis ornare, lectus ante','AGO'),(20,20,'10-02-20',22,'elementum, dui quis accumsan convallis, ante lectus','AGO');
INSERT INTO adm_condominio.Assembleia (fk_id_condominio,id_assembleia,data,fk_id_corpo_admin,assunto,tipo) VALUES (21,21,'12-02-14',3,'nulla vulputate dui,','AGE'),(22,22,'09-06-12',3,'et, magna.','AGO'),(23,23,'16-09-09',27,'nisi. Mauris nulla. Integer urna. Vivamus molestie dapibus ligula. Aliquam','AGO'),(24,24,'16-08-30',24,'felis, adipiscing fringilla, porttitor vulputate, posuere vulputate, lacus. Cras interdum.','AGE'),(25,25,'10-09-18',11,'Proin vel nisl. Quisque fringilla euismod enim. Etiam gravida molestie','AGE'),(26,26,'11-04-28',22,'Nulla semper tellus id nunc interdum feugiat.','AGE'),(27,27,'11-01-24',4,'convallis ligula.','AGE'),(28,28,'16-08-04',8,'quis, pede. Suspendisse dui. Fusce diam nunc, ullamcorper','AGO'),(29,29,'15-07-19',3,'nec enim. Nunc ut erat. Sed nunc est, mollis non,','AGE'),(30,30,'08-11-05',8,'Integer sem elit, pharetra ut, pharetra','AGO');
INSERT INTO adm_condominio.Assembleia (fk_id_condominio,id_assembleia,data,fk_id_corpo_admin,assunto,tipo) VALUES (31,31,'13-10-18',1,'nisl. Nulla eu neque pellentesque massa lobortis ultrices. Vivamus rhoncus.','AGO'),(32,32,'09-12-22',23,'amet, dapibus id, blandit at, nisi. Cum sociis','AGO'),(33,33,'14-03-02',18,'Aenean sed pede nec','AGE'),(34,34,'11-08-24',30,'ipsum. Suspendisse sagittis. Nullam','AGO'),(35,35,'13-09-26',26,'In scelerisque scelerisque dui. Suspendisse ac metus vitae','AGE'),(36,36,'17-06-23',21,'libero et tristique pellentesque, tellus sem mollis dui, in','AGE'),(37,37,'09-06-19',1,'erat. Sed nunc est, mollis non, cursus non, egestas','AGE'),(38,38,'11-12-20',24,'eget massa. Suspendisse eleifend. Cras sed leo. Cras vehicula','AGO'),(39,39,'10-11-21',27,'semper','AGO'),(40,40,'08-04-29',15,'viverra. Maecenas iaculis','AGE');

-- Apartamento
-- 2 5 7 9 10 11 13 14 17 19 22 23 24 25 26 27 29 30 35 36
INSERT INTO adm_condominio.Apartamento (fk_id_moradia,andar,final,numero_ap) VALUES (2,4,4,64),(5,7,1,177),(7,16,5,116),(9,20,10,65),(10,3,2,89),(11,2,2,138),(13,20,2,27),(14,2,10,198),(17,7,2,134),(19,14,10,9);
INSERT INTO adm_condominio.Apartamento (fk_id_moradia,andar,final,numero_ap) VALUES (22,8,6,64),(23,9,7,38),(24,17,9,96),(25,13,7,115),(26,6,7,17),(27,15,6,71),(29,17,2,177),(30,4,2,23),(35,5,9,64),(36,8,3,194);

-- Casa
INSERT INTO adm_condominio.Casa (fk_id_moradia,numero_casa) VALUES (61,43),(62,78),(63,20),(64,65),(65,2),(66,51),(67,15),(68,51),(69,17),(70,54);
INSERT INTO adm_condominio.Casa (fk_id_moradia,numero_casa) VALUES (71,30),(72,53),(73,2),(74,99),(75,17),(76,81),(77,53),(78,54),(79,93),(80,9);
INSERT INTO adm_condominio.Casa (fk_id_moradia,numero_casa) VALUES (81,79),(82,42),(83,47),(84,44),(85,53),(86,97),(87,69),(88,37),(89,64),(90,6);

-- Relacionamentos

-- Reserva
INSERT INTO adm_condominio.Reserva (fk_id_pessoa,fk_id_espaco,hora_inicial,hora_final,data) VALUES (61,3,'10:35:47','11:27:48','22/09/19'),(62,19,'14:24:00','15:25:50','16/02/18'),(63,62,'18:57:01','19:01:40','21/07/18'),(64,46,'19:43:53','20:05:26','11/10/19'),(65,2,'22:28:21','23:34:21','04/02/19'),(66,68,'09:25:48','10:00:55','11/02/19'),(67,39,'21:01:26','22:08:12','18/11/18'),(68,36,'05:12:44','06:34:27','06/02/19'),(69,56,'17:05:40','17:44:43','22/05/18'),(70,45,'10:42:53','11:07:49','06/04/18');
INSERT INTO adm_condominio.Reserva (fk_id_pessoa,fk_id_espaco,hora_inicial,hora_final,data) VALUES (71,4,'22:46:56','23:04:15','25/09/18'),(72,47,'15:05:47','15:55:51','30/01/20'),(73,20,'04:08:47','05:30:37','25/11/18'),(74,31,'17:28:32','18:16:00','04/02/18'),(75,43,'03:01:28','17:36:23','17/03/18'),(76,62,'13:49:05','22:49:04','15/02/20'),(77,23,'12:11:23','15:35:27','23/03/18'),(78,44,'14:31:04','19:34:25','08/12/18'),(79,33,'09:00:38','09:46:48','14/04/19'),(80,10,'00:00:04','04:27:08','20/01/19');

-- Comparece
INSERT INTO adm_condominio.Comparece (fk_id_pessoa,fk_id_assembleia,fk_id_condominio) VALUES (1,1,1),(2,2,2),(3,3,3),(4,4,4),(5,5,5),(6,6,6),(7,7,7),(8,8,8),(9,9,9),(10,10,10);
INSERT INTO adm_condominio.Comparece (fk_id_pessoa,fk_id_assembleia,fk_id_condominio) VALUES (11,11,11),(12,12,12),(13,13,13),(14,14,14),(15,15,15),(16,16,16),(17,17,17),(18,18,18),(19,19,19),(20,20,20);
INSERT INTO adm_condominio.Comparece (fk_id_pessoa,fk_id_assembleia,fk_id_condominio) VALUES (21,21,21),(22,22,22),(23,23,23),(24,24,24),(25,25,25),(26,26,26),(27,27,27),(28,28,28),(29,29,29),(30,30,30);
INSERT INTO adm_condominio.Comparece (fk_id_pessoa,fk_id_assembleia,fk_id_condominio) VALUES (31,31,31),(32,32,32),(33,33,33),(34,34,34),(35,35,35),(36,36,36),(37,37,37),(38,38,38),(39,39,39),(40,40,40);

-- Condominio_Filial
INSERT INTO adm_condominio.Condominio_Filial (fk_id_filial,fk_id_condominio) VALUES (1,1),(2,2),(3,3),(4,4),(5,5),(6,6),(7,7),(8,8),(9,9),(10,10);
INSERT INTO adm_condominio.Condominio_Filial (fk_id_filial,fk_id_condominio) VALUES (11,11),(12,12),(13,13),(14,14),(15,15),(16,16),(17,17),(18,18),(19,19),(20,20);

-- Condominio_Moradia
INSERT INTO adm_condominio.Condominio_Moradia (fk_id_condominio,fk_id_moradia) VALUES (1,1),(2,2),(3,3),(4,4),(5,5),(6,6),(7,7),(8,8),(9,9),(10,10);
INSERT INTO adm_condominio.Condominio_Moradia (fk_id_condominio,fk_id_moradia) VALUES (11,11),(12,12),(13,13),(14,14),(15,15),(16,16),(17,17),(18,18),(19,19),(20,20);
INSERT INTO adm_condominio.Condominio_Moradia (fk_id_condominio,fk_id_moradia) VALUES (21,21),(22,22),(23,23),(24,24),(25,25),(26,26),(27,27),(28,28),(29,29),(30,30);
INSERT INTO adm_condominio.Condominio_Moradia (fk_id_condominio,fk_id_moradia) VALUES (31,31),(32,32),(33,33),(34,34),(35,35),(36,36),(37,37),(38,38),(39,39),(40,40);

-- Moradia_Pessoa
INSERT INTO adm_condominio.Moradia_Pessoa (fk_id_pessoa,fk_id_moradia) VALUES (1,1),(2,2),(3,3),(4,4),(5,5),(6,6),(7,7),(8,8),(9,9),(10,10);
INSERT INTO adm_condominio.Moradia_Pessoa (fk_id_pessoa,fk_id_moradia) VALUES (11,11),(12,12),(13,13),(14,14),(15,15),(16,16),(17,17),(18,18),(19,19),(20,20);
INSERT INTO adm_condominio.Moradia_Pessoa (fk_id_pessoa,fk_id_moradia) VALUES (21,21),(22,22),(23,23),(24,24),(25,25),(26,26),(27,27),(28,28),(29,29),(30,30);
INSERT INTO adm_condominio.Moradia_Pessoa (fk_id_pessoa,fk_id_moradia) VALUES (31,31),(32,32),(33,33),(34,34),(35,35),(36,36),(37,37),(38,38),(39,39),(40,40);

-- Moradia_Edificio
-- 2 5 7 9 10 11 13 14 17 19 22 23 24 25 26 27 29 30 35 36
INSERT INTO adm_condominio.Moradia_Edificio (fk_id_edificio,fk_id_moradia) VALUES (1,1),(2,2),(3,3),(4,4),(5,5),(6,6),(7,7),(8,8),(9,9),(10,10);
INSERT INTO adm_condominio.Moradia_Edificio (fk_id_edificio,fk_id_moradia) VALUES (11,11),(12,12),(13,13),(14,14),(15,15),(16,16),(17,17),(18,18),(19,19),(20,20);
INSERT INTO adm_condominio.Moradia_Edificio (fk_id_edificio,fk_id_moradia) VALUES (21,21),(22,22),(23,23),(24,24),(25,25),(26,26),(27,27),(28,28),(29,29),(30,30);
INSERT INTO adm_condominio.Moradia_Edificio (fk_id_edificio,fk_id_moradia) VALUES (31,31),(32,32),(33,33),(34,34),(35,35),(36,36),(37,37),(38,38),(39,39),(40,40);

-- Es_Pessoa
-- 11 a 20
INSERT INTO adm_condominio.Es_Pessoa (fk_id_es,fk_id_pessoa) VALUES (11,11),(12,12),(13,13),(14,14),(15,15),(16,16),(17,17),(18,18),(19,19),(20,20);

-- Es_Veiculo
-- 1 a 10
INSERT INTO adm_condominio.Es_Veiculo (fk_id_es,fk_id_veiculo) VALUES (1,11),(2,12),(3,13),(4,14),(5,15),(6,16),(7,17),(8,18),(9,19),(10,20);

-- Veiculo_Moradia
INSERT INTO adm_condominio.Veiculo_Moradia (fk_id_veiculo,fk_id_moradia) VALUES (11,1),(12,2),(13,3),(14,4),(15,5),(16,6),(17,7),(18,8),(19,9),(20,10);
INSERT INTO adm_condominio.Veiculo_Moradia (fk_id_veiculo,fk_id_moradia) VALUES (21,11),(22,12),(23,13),(24,14),(25,15),(26,16),(27,17),(28,18),(29,19),(30,20);

-- Administradora_Documento
-- 41 a 50
INSERT INTO adm_condominio.Administradora_Documento (fk_id_administradora,fk_id_documento) VALUES (1,41),(2,42),(3,43),(4,44),(5,45),(6,46),(7,47),(8,48),(9,49),(10,50);

-- Assembleia_Documento
-- 21 a 40
INSERT INTO adm_condominio.Assembleia_Documento (fk_id_assembleia,fk_id_condominio,fk_id_documento) VALUES (1,1,21),(2,2,22),(3,3,23),(4,4,24),(5,5,25),(6,6,26),(7,7,27),(8,8,28),(9,9,29),(10,10,30);
INSERT INTO adm_condominio.Assembleia_Documento (fk_id_assembleia,fk_id_condominio,fk_id_documento) VALUES (11,11,31),(12,12,32),(13,13,33),(14,14,34),(15,15,35),(16,16,36),(17,17,37),(18,18,38),(19,19,39),(20,20,40);

-- Condominio_Documento
-- 1 a 20
INSERT INTO adm_condominio.Condominio_Documento (fk_id_condominio,fk_id_documento) VALUES (1,1),(2,2),(3,3),(4,4),(5,5),(6,6),(7,7),(8,8),(9,9),(10,10);
INSERT INTO adm_condominio.Condominio_Documento (fk_id_condominio,fk_id_documento) VALUES (11,11),(12,12),(13,13),(14,14),(15,15),(16,16),(17,17),(18,18),(19,19),(20,20);